"Time","901288001062245"
2021-05-20 14:44:08,0.00121
2021-05-20 14:44:46,0.00122
2021-05-20 14:45:13,0.00116
2021-05-20 14:45:31,0.00131
2021-05-20 14:46:46,0.00131
2021-05-20 14:47:57,0.00126
2021-05-20 14:48:20,0.00135
2021-05-20 14:48:27,0.00126
2021-05-20 14:48:32,0.00134
2021-05-20 21:16:20,0.00217
2021-05-20 21:20:38,0.00292
2021-05-20 21:24:03,0.00198
2021-05-20 21:25:02,0.00205
2021-05-20 21:26:08,0.00198
2021-05-20 21:30:02,0.00202
2021-05-20 22:00:02,0.00194
2021-05-20 22:19:11,0.00282
2021-05-20 22:19:17,0.00347
2021-05-20 22:27:25,0.00211
2021-05-20 22:28:43,0.00283
2021-05-20 22:30:02,0.00298
2021-05-20 22:34:31,0.00291
2021-05-20 22:34:34,0.00298
2021-11-26 14:30:02,5.36
2021-11-26 14:33:47,5.21
2021-11-26 15:00:02,5.46
2021-11-26 15:30:02,5.39
2021-11-26 16:00:02,5.39
2021-11-26 16:30:02,5.44
2021-11-26 17:00:02,5.39
2021-11-26 17:30:02,5.45
2021-11-26 18:00:02,5.46
2021-11-26 18:30:02,5.52
2021-11-26 19:00:02,5.52
2021-11-26 19:05:57,5.41
2021-11-26 19:30:02,5.39
2021-11-26 19:30:47,5.50
2021-11-26 20:00:02,5.41
2021-11-26 20:30:03,5.34
2021-11-26 21:00:03,5.22
2021-11-26 21:30:03,5.29
2021-11-26 22:00:03,5.22
2021-11-26 22:30:03,5.11
2021-11-27 05:27:53,4.95
2021-11-27 05:30:03,4.98
2021-11-27 08:30:03,5.12
2021-11-27 08:46:32,5.07
2021-11-27 08:47:41,5.22
2021-11-27 08:49:00,5.20
2021-11-27 09:00:03,5.21
2021-11-27 09:30:03,5.23
2021-11-27 10:00:03,5.28
2021-11-27 10:30:03,5.31
2021-11-27 11:00:03,5.36
2021-11-27 11:30:03,5.30
2021-11-27 12:00:03,5.29
2021-11-27 12:30:03,5.28
2021-11-27 13:00:03,5.32
2021-11-27 13:30:03,5.34
2021-11-27 14:00:03,5.30
2021-11-27 14:30:03,5.38
2021-11-27 15:00:03,5.43
2021-11-27 16:30:03,5.64
2021-11-27 17:00:03,5.35
2021-11-29 20:00:03,4.78
2021-11-30 20:00:03,6.42
2021-11-30 20:30:03,5.34
2021-11-30 21:00:03,4.86
2021-11-30 21:30:03,4.83
2021-11-30 22:00:03,4.65
2021-11-30 22:30:03,4.57
2021-11-30 23:00:03,4.43
2021-12-25 21:30:03,4.42
2021-12-25 22:00:03,4.41
2021-12-25 22:30:03,4.48
2021-12-25 23:00:03,4.38
2021-12-25 23:30:03,4.33
2021-12-26 00:00:03,4.34
2021-12-26 00:30:03,4.40
2021-12-26 01:00:03,4.19
2021-12-26 01:30:03,3.89
2021-12-26 02:00:03,3.23
2021-12-26 02:30:03,2.93
2021-12-26 03:00:03,2.48
2021-12-26 03:30:03,2.29
2021-12-26 04:00:03,1.96
2021-12-26 04:30:03,1.94
2021-12-26 05:00:03,1.60
2021-12-26 05:30:03,1.73
2021-12-26 06:00:03,2.36
2021-12-26 06:30:03,2.82
2021-12-26 07:00:03,3.11
2021-12-26 07:30:03,3.32
2021-12-26 08:00:03,3.54
2021-12-26 08:30:03,3.86
2021-12-26 09:00:03,4.10
2021-12-26 09:30:03,4.23
2021-12-26 10:00:03,4.49
2021-12-26 10:30:03,4.93
2021-12-26 11:00:03,5.17
2021-12-26 11:30:03,5.30
2021-12-26 12:00:03,5.29
2021-12-26 12:30:03,849
2021-12-26 13:00:03,850
2021-12-26 13:30:03,851
2021-12-26 14:00:03,851
2021-12-26 14:30:03,851
2021-12-26 15:00:03,852
2021-12-26 15:30:03,852
2021-12-26 16:00:03,852
2021-12-26 16:30:03,852
2021-12-26 17:00:03,852
2021-12-26 17:30:03,852
2021-12-26 18:00:03,853
2021-12-26 18:30:03,853
2021-12-26 19:00:03,853
2021-12-26 19:30:03,853
2021-12-26 20:00:03,854
2021-12-26 20:30:03,854
2021-12-26 21:00:03,853
2021-12-26 21:30:03,853
2021-12-26 22:00:03,853
2021-12-26 22:30:03,853
2021-12-26 23:00:03,853
2021-12-27 00:00:03,854
2021-12-27 00:30:03,853
2021-12-27 01:00:03,853
2021-12-27 01:30:03,853
2021-12-27 02:00:03,853
2021-12-27 02:30:03,853
2021-12-27 03:00:03,854
2021-12-27 03:30:03,854
2021-12-27 04:00:03,854
2021-12-27 04:30:03,854
2021-12-27 05:00:03,854
2021-12-27 05:30:03,854
2021-12-27 06:00:03,854
2021-12-27 06:30:03,854
2021-12-27 07:00:03,854
2021-12-27 07:30:03,854
2021-12-27 08:00:03,854
2021-12-27 08:30:03,854
2021-12-27 09:00:03,854
2021-12-27 09:30:03,855
2021-12-27 10:00:03,854
2021-12-27 10:30:03,855
2021-12-27 11:00:03,855
2021-12-27 11:30:03,855
2021-12-27 12:00:03,855
2021-12-27 12:30:03,855
2021-12-27 13:00:03,855
2021-12-27 13:30:03,855
2021-12-27 14:00:03,855
2021-12-27 14:30:03,855
2021-12-27 15:00:03,855
2021-12-27 15:30:03,855
2021-12-27 16:00:03,855
2021-12-27 16:30:03,855
2021-12-27 17:00:03,855
2021-12-27 17:30:03,855
2021-12-27 18:00:03,855
2021-12-27 18:30:03,855
2021-12-27 19:00:03,855
2021-12-27 19:30:03,855
2021-12-27 20:00:03,855
2021-12-27 20:30:03,855
2021-12-27 21:00:03,855
2021-12-27 21:30:03,855
2021-12-27 22:00:03,855
2021-12-27 22:30:03,855
2021-12-27 23:00:03,855
2021-12-27 23:30:03,855
2021-12-28 00:00:03,855
2021-12-28 00:30:03,855
2021-12-28 01:00:03,855
2021-12-28 01:30:03,855
2021-12-28 02:00:03,855
2021-12-28 02:30:03,855
2021-12-28 03:00:03,855
2021-12-28 03:30:03,855
2021-12-28 04:00:03,855
2021-12-28 04:30:03,855
2021-12-28 05:00:03,855
2021-12-28 05:30:03,855
2021-12-28 06:00:03,855
2021-12-28 06:30:03,855
2021-12-28 07:00:03,855
2021-12-28 07:30:03,855
2021-12-28 08:00:03,855
2021-12-28 08:30:03,855
2021-12-28 09:00:03,855
2021-12-28 09:30:03,855
2021-12-28 10:00:03,855
2021-12-28 10:30:03,855
2021-12-28 11:00:03,855
2021-12-28 11:30:03,855
2021-12-28 12:00:03,856
2021-12-28 12:30:03,856
2021-12-28 13:00:03,856
2021-12-28 13:30:03,856
2021-12-28 14:00:03,857
2021-12-28 14:30:03,857
2021-12-28 15:00:03,857
2021-12-28 15:30:03,857
2021-12-28 16:00:03,857
2021-12-28 16:30:03,857
2021-12-28 17:00:03,858
2021-12-28 17:30:03,858
2021-12-28 18:00:03,858
2021-12-28 18:30:03,858
2021-12-28 19:00:03,858
2021-12-28 19:30:03,859
2021-12-28 20:00:03,862
2021-12-28 20:30:03,863
2021-12-28 21:00:03,864
2021-12-28 21:30:03,864
2021-12-28 22:00:03,864
2021-12-28 22:30:03,864
2021-12-28 23:00:03,864
2021-12-28 23:30:03,864
2021-12-29 00:00:03,864
2021-12-29 00:30:03,864
2021-12-29 01:00:03,864
2021-12-29 01:30:03,865
2021-12-29 02:00:03,865
2021-12-29 02:30:03,865
2021-12-29 03:00:03,865
2021-12-29 03:30:03,865
2021-12-29 04:00:03,866
2021-12-29 04:30:03,866
2021-12-29 05:00:03,866
2021-12-29 05:30:03,866
2021-12-29 06:00:03,866
2021-12-29 06:30:03,866
2021-12-29 07:00:03,866
2021-12-29 07:30:03,866
2021-12-29 08:00:03,866
2021-12-29 08:30:03,866
2021-12-29 09:00:03,866
2021-12-29 09:30:03,866
2021-12-29 10:00:03,866
2021-12-29 10:30:03,866
2021-12-29 11:00:03,866
2021-12-29 11:30:03,867
2021-12-29 12:00:03,867
2021-12-29 12:30:03,868
2021-12-29 13:00:03,868
2021-12-29 13:30:03,868
2021-12-29 14:00:03,868
2021-12-29 14:30:03,869
2021-12-29 15:00:03,869
2021-12-29 15:30:03,869
2021-12-29 16:00:03,869
2021-12-29 16:30:03,869
2021-12-29 17:00:03,869
2021-12-29 17:30:03,869
2021-12-29 18:00:03,869
2021-12-29 18:30:03,869
2021-12-29 19:00:03,869
2021-12-29 19:30:03,869
2021-12-29 20:00:03,869
2021-12-29 20:30:03,869
2021-12-29 21:00:03,869
2021-12-29 21:30:03,869
2021-12-29 22:00:03,869
2021-12-29 22:30:03,869
2021-12-29 23:00:03,869
2021-12-29 23:30:03,869
2021-12-30 00:00:03,869
2021-12-30 00:30:03,869
2021-12-30 01:00:03,869
2021-12-30 01:30:03,869
2021-12-30 02:00:03,869
2021-12-30 02:30:03,869
2021-12-30 03:00:03,869
2021-12-30 03:30:03,869
2021-12-30 04:00:03,869
2021-12-30 04:30:03,870
2021-12-30 05:00:03,869
2021-12-30 05:30:03,870
2021-12-30 06:00:03,869
2021-12-30 06:30:03,870
2021-12-30 07:00:03,870
2021-12-30 07:30:03,870
2021-12-30 08:00:03,870
2021-12-30 08:30:03,870
2021-12-30 09:00:03,878
2021-12-30 09:30:03,879
2021-12-30 10:00:03,879
2021-12-30 10:30:03,879
2021-12-30 11:00:03,879
2021-12-30 11:30:03,879
2021-12-30 12:00:03,879
2021-12-30 12:30:03,879
2021-12-30 13:00:03,879
2021-12-30 13:30:03,879
2021-12-30 14:00:03,879
2021-12-30 14:30:03,879
2021-12-30 15:00:03,879
2021-12-30 15:30:03,879
2021-12-30 16:00:03,879
2021-12-30 16:30:03,879
2021-12-30 17:00:03,880
2021-12-30 17:30:03,880
2021-12-30 18:00:03,879
2021-12-30 18:30:03,880
2021-12-30 19:00:03,880
2021-12-30 19:30:03,880
2021-12-30 20:00:03,879
2021-12-30 20:30:03,879
2021-12-30 21:00:03,880
2021-12-30 21:30:03,880
2021-12-30 22:00:03,880
2021-12-30 22:30:03,880
2021-12-30 23:00:03,880
2021-12-30 23:30:03,880
2021-12-31 00:00:03,880
2021-12-31 00:30:03,881
2021-12-31 01:00:03,880
2021-12-31 01:30:03,880
2021-12-31 02:00:03,880
2021-12-31 02:30:03,880
2021-12-31 03:00:03,879
2021-12-31 03:30:03,880
2021-12-31 04:00:03,880
2021-12-31 04:30:03,880
2021-12-31 05:00:03,880
2021-12-31 05:30:03,880
2021-12-31 06:00:03,879
2021-12-31 06:30:03,880
2021-12-31 07:00:03,880
2021-12-31 07:30:03,880
2021-12-31 08:00:03,880
2021-12-31 08:30:03,880
2021-12-31 09:00:03,880
2021-12-31 09:30:03,880
2021-12-31 10:00:03,880
2021-12-31 10:30:03,880
2021-12-31 11:00:03,880
2021-12-31 11:30:03,880
2021-12-31 12:00:03,880
2021-12-31 12:30:03,880
2021-12-31 13:00:03,880
2021-12-31 13:30:03,879
2021-12-31 14:00:03,881
2021-12-31 14:30:03,880
2021-12-31 15:00:03,880
2021-12-31 15:30:03,880
2021-12-31 16:00:03,880
2021-12-31 16:30:03,880
2021-12-31 17:00:03,880
2021-12-31 17:30:03,880
2021-12-31 18:00:03,880
2021-12-31 18:30:03,880
2021-12-31 19:00:03,880
2021-12-31 19:30:03,880
2021-12-31 20:00:03,881
2021-12-31 20:30:03,880
2021-12-31 21:00:03,880
2021-12-31 21:30:03,881
2021-12-31 22:00:03,880
2021-12-31 22:30:03,880
2021-12-31 23:00:03,881
2021-12-31 23:30:03,881
2022-01-01 00:00:03,881
2022-01-01 00:30:03,881
2022-01-01 01:00:03,880
2022-01-01 01:30:03,880
2022-01-01 02:00:03,881
2022-01-01 02:30:03,881
2022-01-01 03:00:03,881
2022-01-01 03:30:03,881
2022-01-01 04:00:03,881
2022-01-01 04:30:03,881
2022-01-01 05:00:03,881
2022-01-01 05:30:03,881
2022-01-01 06:00:03,881
2022-01-01 06:30:03,880
2022-01-01 07:00:03,881
2022-01-01 07:30:03,881
2022-01-01 08:00:03,881
2022-01-01 08:30:03,880
2022-01-01 09:00:03,881
2022-01-01 09:30:03,881
2022-01-01 10:00:03,880
2022-01-01 10:30:03,881
2022-01-01 11:00:03,881
2022-01-01 11:30:03,880
2022-01-01 12:00:03,881
2022-01-01 12:30:03,881
2022-01-01 13:00:03,881
2022-01-01 13:30:03,881
2022-01-01 14:00:03,881
2022-01-01 14:30:03,881
2022-01-01 15:00:03,881
2022-01-01 15:30:03,881
2022-01-01 16:00:03,881
2022-01-01 16:30:03,881
2022-01-01 17:00:03,881
2022-01-01 17:30:03,881
2022-01-01 18:00:03,881
2022-01-01 18:30:03,880
2022-01-01 19:00:03,881
2022-01-01 19:30:03,880
2022-01-01 20:00:03,880
2022-01-01 20:30:03,880
2022-01-01 21:00:03,880
2022-01-01 21:30:03,880
2022-01-01 22:00:03,880
2022-01-01 22:30:03,880
2022-01-01 23:00:03,880
2022-01-01 23:30:03,880
2022-01-02 00:00:03,880
2022-01-02 00:30:03,880
2022-01-02 01:00:03,880
2022-01-02 01:30:03,880
2022-01-02 02:00:03,880
2022-01-02 02:30:03,880
2022-01-02 03:00:03,880
2022-01-02 03:30:03,880
2022-01-02 04:00:03,880
2022-01-02 04:30:03,880
2022-01-02 05:00:03,880
2022-01-02 05:30:03,880
2022-01-02 06:00:03,880
2022-01-02 06:30:03,880
2022-01-02 07:00:03,880
2022-01-02 07:30:03,880
2022-01-02 08:00:03,880
2022-01-02 08:30:03,880
2022-01-02 09:00:03,880
2022-01-02 09:30:03,880
2022-01-02 10:00:03,880
2022-01-02 10:30:03,880
2022-01-02 11:00:03,880
2022-01-02 11:30:03,880
2022-01-02 12:00:03,880
2022-01-02 12:30:03,880
2022-01-02 13:00:03,880
2022-01-02 13:30:03,880
2022-01-02 14:00:03,880
2022-01-02 14:30:03,880
2022-01-02 15:00:03,880
2022-01-02 15:30:03,880
2022-01-02 16:00:03,880
2022-01-02 16:30:03,880
2022-01-02 17:00:03,880
2022-01-02 17:30:03,880
2022-01-02 18:00:03,880
2022-01-02 18:30:03,880
2022-01-02 19:00:03,880
2022-01-02 19:30:03,880
2022-01-02 20:00:03,880
2022-01-02 20:30:03,880
2022-01-02 21:00:03,880
2022-01-02 21:30:03,881
2022-01-02 22:00:03,880
2022-01-02 22:30:03,880
2022-01-02 23:00:03,880
2022-01-02 23:30:03,880
2022-01-03 00:00:03,880
2022-01-03 00:30:03,880
2022-01-03 01:00:03,881
2022-01-03 01:30:03,880
2022-01-03 02:00:03,881
2022-01-03 02:30:03,880
2022-01-03 03:00:03,881
2022-01-03 03:30:03,880
2022-01-03 04:00:03,879
2022-01-03 04:30:03,879
2022-01-03 05:00:03,883
2022-01-03 05:30:03,882
2022-01-03 06:00:03,884
2022-01-03 06:30:03,883
2022-01-03 07:00:03,883
2022-01-03 07:30:03,882
2022-01-03 08:00:03,882
2022-01-03 08:30:03,883
2022-01-03 09:00:03,882
2022-01-03 09:30:03,882
2022-01-03 10:00:03,882
2022-01-03 10:30:03,882
2022-01-03 11:00:03,882
2022-01-03 11:30:03,883
2022-01-03 12:00:03,882
2022-01-03 12:30:03,882
2022-01-03 13:00:03,882
2022-01-03 13:30:03,882
2022-01-03 14:00:03,882
2022-01-03 14:30:03,883
2022-01-03 15:00:03,882
2022-01-03 15:30:03,883
2022-01-03 16:00:03,882
2022-01-03 16:30:03,882
2022-01-03 17:00:03,882
2022-01-03 17:30:03,882
2022-01-03 18:00:03,882
2022-01-03 18:30:03,882
2022-01-03 19:00:03,882
2022-01-03 19:30:03,882
2022-01-03 20:00:03,882
2022-01-03 20:30:03,882
2022-01-03 21:00:03,882
2022-01-03 21:30:03,882
2022-01-03 22:00:03,882
2022-01-03 22:30:03,884
2022-01-03 23:00:03,883
2022-01-03 23:30:03,883
2022-01-04 00:00:03,882
2022-01-04 00:30:03,883
2022-01-04 01:00:03,883
2022-01-04 01:30:03,883
2022-01-04 02:00:03,882
2022-01-04 02:30:03,883
2022-01-04 03:00:03,883
2022-01-04 03:30:03,883
2022-01-04 04:00:03,883
2022-01-04 04:30:03,884
2022-01-04 05:00:03,884
2022-01-04 05:30:03,885
2022-01-04 06:00:03,885
2022-01-04 06:30:03,885
2022-01-04 07:00:03,886
2022-01-04 07:30:03,887
2022-01-04 08:00:03,888
2022-01-04 08:30:03,888
2022-01-04 09:00:03,890
2022-01-04 09:30:03,890
2022-01-04 10:00:03,891
2022-01-04 10:30:03,891
2022-01-04 11:00:03,891
2022-01-04 11:30:03,892
2022-01-04 12:00:03,892
2022-01-04 12:30:03,892
2022-01-04 13:00:03,892
2022-01-04 13:30:03,893
2022-01-04 14:00:03,893
2022-01-04 14:30:03,893
2022-01-04 15:00:03,893
2022-01-04 15:30:03,894
2022-01-04 16:00:03,894
2022-01-04 16:30:03,893
2022-01-04 17:00:03,894
2022-01-04 17:30:03,893
2022-01-04 18:00:03,894
2022-01-04 18:30:03,895
2022-01-04 19:00:03,895
2022-01-04 19:30:03,895
2022-01-04 20:00:03,895
2022-01-04 20:30:03,895
2022-01-04 21:00:03,895
2022-01-04 21:30:03,895
2022-01-04 22:00:03,895
2022-01-04 22:30:03,895
2022-01-04 23:00:03,895
2022-01-04 23:30:03,895
2022-01-05 00:00:03,895
2022-01-05 00:30:03,895
2022-01-05 01:00:03,895
2022-01-05 01:30:03,895
2022-01-05 02:00:03,895
2022-01-05 02:30:03,895
2022-01-05 03:00:03,895
2022-01-05 03:30:03,895
2022-01-05 04:00:03,895
2022-01-05 04:30:03,895
2022-01-05 05:00:03,895
2022-01-05 05:30:03,895
2022-01-05 06:00:03,895
2022-01-05 06:30:03,895
2022-01-05 07:00:03,895
2022-01-05 07:30:03,896
2022-01-05 08:00:03,896
2022-01-05 08:30:03,896
2022-01-05 09:00:03,896
2022-01-05 09:30:03,896
2022-01-05 10:00:03,896
2022-01-05 10:30:03,896
2022-01-05 11:00:03,897
2022-01-05 11:30:03,897
2022-01-05 12:00:03,897
2022-01-05 12:30:03,897
2022-01-05 13:00:03,897
2022-01-05 13:30:03,896
2022-01-05 14:00:03,897
2022-01-05 14:30:03,896
2022-01-05 15:00:03,895
2022-01-05 15:30:03,896
2022-01-05 16:00:03,895
2022-01-05 16:30:03,896
2022-01-05 17:00:03,897
2022-01-05 17:30:03,896
2022-01-05 18:00:03,896
2022-01-05 18:30:03,895
2022-01-05 19:00:03,896
2022-01-05 19:30:03,896
2022-01-05 20:00:03,896
2022-01-05 20:30:03,896
2022-01-05 21:00:03,897
2022-01-05 21:30:03,896
2022-01-05 22:00:03,895
2022-01-05 22:30:03,896
2022-01-05 23:00:03,896
2022-01-05 23:30:03,896
2022-01-06 00:00:03,896
2022-01-06 00:30:03,895
2022-01-06 01:00:03,895
2022-01-06 01:30:03,896
2022-01-06 02:00:03,896
2022-01-06 02:30:03,895
2022-01-06 03:00:03,895
2022-01-06 03:30:03,895
2022-01-06 04:00:03,896
2022-01-06 04:30:03,896
2022-01-06 05:00:03,896
2022-01-06 05:30:03,895
2022-01-06 06:00:03,896
2022-01-06 06:30:03,895
2022-01-06 07:00:03,895
2022-01-06 07:30:03,896
2022-01-06 08:00:03,895
2022-01-06 08:30:03,896
2022-01-06 09:00:03,895
2022-01-06 09:30:03,895
2022-01-06 10:00:03,895
2022-01-06 10:30:03,894
2022-01-06 11:00:03,895
2022-01-06 11:30:03,895
2022-01-06 12:00:03,895
2022-01-06 12:30:03,895
2022-01-06 13:00:03,895
2022-01-06 13:30:03,895
2022-01-06 14:00:03,895
2022-01-06 14:30:03,895
2022-01-06 15:00:03,895
2022-01-06 15:30:03,895
2022-01-06 16:00:03,895
2022-01-06 16:30:03,895
2022-01-06 17:00:03,895
2022-01-06 17:30:03,895
2022-01-06 18:00:03,895
2022-01-06 18:30:03,895
2022-01-06 19:00:03,895
2022-01-06 19:30:03,895
2022-01-06 20:00:03,895
2022-01-06 20:30:03,895
2022-01-06 21:00:03,895
2022-01-06 21:30:03,895
2022-01-06 22:00:03,895
2022-01-06 22:30:03,895
2022-01-06 23:00:03,895
2022-01-06 23:30:03,895
2022-01-07 00:00:03,895
2022-01-07 00:30:03,895
2022-01-07 01:00:03,895
2022-01-07 01:30:03,895
2022-01-07 02:00:03,895
2022-01-07 02:30:03,895
2022-01-07 03:00:03,895
2022-01-07 03:30:03,895
2022-01-07 04:00:03,895
2022-01-07 04:30:03,895
2022-01-07 05:00:03,895
2022-01-07 05:30:03,895
2022-01-07 06:00:03,895
2022-01-07 06:30:03,895
2022-01-07 07:00:03,895
2022-01-07 07:30:03,895
2022-01-07 08:00:03,895
2022-01-07 08:30:03,895
2022-01-07 09:00:03,895
2022-01-07 09:30:03,895
2022-01-07 10:00:03,895
2022-01-07 10:30:03,895
2022-01-07 11:00:03,895
2022-01-07 11:30:03,895
2022-01-07 12:00:03,895
2022-01-07 12:30:03,895
2022-01-07 13:00:03,895
2022-01-07 13:30:03,895
2022-01-07 14:00:03,895
2022-01-07 14:30:03,895
2022-01-07 15:00:03,895
2022-01-07 15:30:03,895
2022-01-07 16:00:03,895
2022-01-07 16:30:03,895
2022-01-07 17:00:03,895
2022-01-07 17:30:03,895
2022-01-07 18:00:03,895
2022-01-07 18:30:03,895
2022-01-07 19:00:03,895
2022-01-07 19:30:03,895
2022-01-07 20:00:03,895
2022-01-07 20:30:03,895
2022-01-07 21:00:03,895
2022-01-07 21:30:03,895
2022-01-07 22:00:03,895
2022-01-07 22:30:03,895
2022-01-07 23:00:03,895
2022-01-07 23:30:03,895
2022-01-08 00:00:03,895
2022-01-08 00:30:03,895
2022-01-08 01:00:03,895
2022-01-08 01:30:03,895
2022-01-08 02:00:03,895
2022-01-08 02:30:03,895
2022-01-08 03:00:03,895
2022-01-08 03:30:03,895
2022-01-08 04:00:03,895
2022-01-08 04:30:03,895
2022-01-08 05:00:03,895
2022-01-08 05:30:03,895
2022-01-08 06:00:03,895
2022-01-08 06:30:03,895
2022-01-08 07:00:03,895
2022-01-08 07:30:03,895
2022-01-08 08:00:03,895
2022-01-08 08:30:03,895
2022-01-08 09:00:03,895
2022-01-08 09:30:03,895
2022-01-08 10:00:03,895
2022-01-08 10:30:03,895
2022-01-08 11:00:03,894
2022-01-08 11:30:03,895
2022-01-08 12:00:03,894
2022-01-08 12:30:03,894
2022-01-08 13:00:03,894
2022-01-08 13:30:03,894
2022-01-08 14:00:03,894
2022-01-08 14:30:03,894
2022-01-08 15:00:03,895
2022-01-08 15:30:03,895
2022-01-08 16:00:03,894
2022-01-08 16:30:03,895
2022-01-08 17:00:03,895
2022-01-08 17:30:03,895
2022-01-08 18:00:03,895
2022-01-08 18:30:03,895
2022-01-08 19:00:03,895
2022-01-08 19:30:03,895
2022-01-08 20:00:03,896
2022-01-08 20:30:03,895
2022-01-08 21:00:03,895
2022-01-08 21:30:03,895
2022-01-08 22:00:03,895
2022-01-08 22:30:03,896
2022-01-08 23:00:03,895
2022-01-08 23:30:03,895
2022-01-09 00:00:03,895
2022-01-09 00:30:03,895
2022-01-09 01:00:03,895
2022-01-09 01:30:03,896
2022-01-09 02:00:03,895
2022-01-09 02:30:03,895
2022-01-09 03:00:03,895
2022-01-09 03:30:03,895
2022-01-09 04:00:03,896
2022-01-09 04:30:03,896
2022-01-09 05:00:03,895
2022-01-09 05:30:03,895
2022-01-09 06:00:03,895
2022-01-09 06:30:03,896
2022-01-09 07:00:03,895
2022-01-09 07:30:03,895
2022-01-09 08:00:03,895
2022-01-09 08:30:03,895
2022-01-09 09:00:03,895
2022-01-09 09:30:03,895
2022-01-09 10:00:03,895
2022-01-09 10:30:03,895
2022-01-09 11:00:03,895
2022-01-09 11:30:03,895
2022-01-09 12:00:03,896
2022-01-09 12:30:03,896
2022-01-09 13:00:03,896
2022-01-09 13:30:03,896
2022-01-09 14:00:03,896
2022-01-09 14:30:03,896
2022-01-09 15:00:03,896
2022-01-09 15:30:03,71.8
2022-01-09 16:00:03,72.4
2022-01-09 16:30:03,72.9
2022-01-09 17:00:03,72.5
2022-01-09 17:30:03,72.3
2022-01-09 18:00:03,72.2
2022-01-09 18:30:03,72.2
2022-01-09 19:00:03,72.2
2022-01-09 19:30:03,72.4
2022-01-09 20:00:03,72.5
2022-01-09 20:30:03,72.4
2022-01-09 21:00:03,72.4
2022-01-09 21:30:03,72.4
2022-01-09 22:00:03,72.5
2022-01-09 22:30:03,72.6
2022-01-09 23:00:03,72.5
2022-01-09 23:30:03,72.5
2022-01-10 00:00:03,72.5
2022-01-10 00:30:03,72.5
2022-01-10 01:00:03,72.5
2022-01-10 01:30:03,72.6
2022-01-10 02:00:03,72.5
2022-01-10 02:30:03,72.5
2022-01-10 03:00:03,72.4
2022-01-10 03:30:03,72.4
2022-01-10 04:00:03,72.3
2022-01-10 04:30:03,72.4
2022-01-10 05:00:03,72.5
2022-01-10 05:30:03,72.5
2022-01-10 06:00:03,72.5
2022-01-10 06:30:03,72.4
2022-01-10 07:00:03,72.5
2022-01-10 07:30:03,72.4
2022-01-10 08:00:03,72.3
2022-01-10 08:30:03,72.5
2022-01-10 09:00:03,72.4
2022-01-10 09:30:03,72.4
2022-01-10 10:00:03,72.5
2022-01-10 10:30:03,72.4
2022-01-10 11:00:03,72.9
2022-01-10 11:30:03,74.5
2022-01-10 12:00:03,74.4
2022-01-10 12:30:03,74.5
2022-01-10 13:00:03,76.7
2022-01-10 13:30:03,76.3
2022-01-10 14:00:03,75.8
2022-01-10 14:30:03,75.5
2022-01-10 15:00:03,74.3
2022-01-10 15:30:03,73.3
2022-01-10 16:00:03,73.1
2022-01-10 16:30:03,73.0
2022-01-10 17:00:03,72.9
2022-01-10 17:30:03,72.9
2022-01-10 18:00:03,72.9
2022-01-10 18:30:03,73.0
2022-01-10 19:00:03,68.2
2022-01-10 19:30:03,68.4
2022-01-10 20:00:03,68.3
2022-01-10 20:30:03,68.3
2022-01-10 21:00:03,68.3
2022-01-10 21:30:03,68.3
2022-01-10 22:00:03,68.3
2022-01-10 22:30:03,68.4
2022-01-10 23:00:03,68.3
2022-01-10 23:30:03,68.1
2022-01-11 00:00:03,68.3
2022-01-11 00:30:03,68.3
2022-01-11 01:00:03,68.3
2022-01-11 01:30:03,68.3
2022-01-11 02:00:03,68.4
2022-01-11 02:30:03,68.4
2022-01-11 03:00:03,68.4
2022-01-11 03:30:03,68.3
2022-01-11 04:00:03,68.4
2022-01-11 04:30:03,68.5
2022-01-11 05:00:03,68.4
2022-01-11 05:30:03,68.4
2022-01-11 06:00:03,68.3
2022-01-11 06:30:03,68.5
2022-01-11 07:00:03,68.4
2022-01-11 07:30:03,68.5
2022-01-11 08:00:03,68.5
2022-01-11 08:30:03,68.5
2022-01-11 09:00:03,68.4
2022-01-11 09:30:03,68.4
2022-01-11 10:00:03,68.5
2022-01-11 10:30:03,68.5
2022-01-11 11:00:03,68.2
2022-01-11 11:30:03,68.4
2022-01-11 12:00:03,68.4
2022-01-11 12:30:03,68.3
2022-01-11 13:00:03,68.4
2022-01-11 13:30:03,68.4
2022-01-11 14:00:03,68.3
2022-01-11 14:30:03,68.3
2022-01-11 15:00:03,68.5
2022-01-11 15:30:03,68.3
2022-01-11 16:00:03,68.3
2022-01-11 16:30:03,68.3
2022-01-11 17:00:03,68.3
2022-01-11 17:30:03,68.2
2022-01-11 18:00:03,68.4
2022-01-11 18:30:03,68.3
2022-01-11 19:00:03,68.3
2022-01-11 19:30:03,68.0
2022-01-11 20:00:03,68.0
2022-01-11 20:30:03,68.0
2022-01-11 21:00:03,68.0
2022-01-11 21:30:03,68.0
2022-01-11 22:00:03,68.1
2022-01-11 22:30:03,68.0
2022-01-11 23:00:03,68.0
2022-01-11 23:30:03,68.0
2022-01-12 00:00:03,67.9
2022-01-12 00:30:03,67.9
2022-01-12 01:00:03,68.1
2022-01-12 01:30:03,68.0
2022-01-12 02:00:03,68.0
2022-01-12 02:30:03,68.0
2022-01-12 03:00:03,68.0
2022-01-12 03:30:03,68.0
2022-01-12 04:00:03,68.0
2022-01-12 04:30:03,72.4
2022-01-12 05:00:03,68.5
2022-01-12 05:30:03,67.4
2022-01-12 06:00:03,67.2
2022-01-12 06:30:03,67.2
2022-01-12 07:00:03,67.3
2022-01-12 07:30:03,67.1
2022-01-12 08:00:03,67.1
2022-01-12 08:30:03,67.2
2022-01-12 09:00:03,67.1
2022-01-12 09:30:03,67.1
2022-01-12 10:00:03,66.9
2022-01-12 10:30:03,67.1
2022-01-12 11:00:03,66.9
2022-01-12 11:30:03,66.9
2022-01-12 12:00:03,67.1
2022-01-12 12:30:03,66.8
2022-01-12 13:00:03,69.9
2022-01-12 13:30:03,69.3
2022-01-12 14:00:03,69.4
2022-01-12 14:30:03,69.8
2022-01-12 15:00:03,69.1
2022-01-12 15:30:03,69.5
2022-01-12 16:00:03,69.4
2022-01-12 16:30:03,69.3
2022-01-12 17:00:03,69.4
2022-01-12 17:30:03,69.4
2022-01-12 18:00:03,69.5
2022-01-12 18:30:03,69.4
2022-01-12 19:00:03,69.4
2022-01-12 19:30:03,69.3
2022-01-12 20:00:03,69.3
2022-01-12 20:30:03,69.3
2022-01-12 21:00:03,69.3
2022-01-12 21:30:03,69.4
2022-01-12 22:00:03,69.3
2022-01-12 22:30:03,69.2
2022-01-12 23:00:03,69.3
2022-01-12 23:30:03,69.2
2022-01-13 00:00:03,69.2
2022-01-13 00:30:03,69.1
2022-01-13 01:00:03,69.2
2022-01-13 01:30:03,69.2
2022-01-13 02:00:03,69.2
2022-01-13 02:30:03,69.3
2022-01-13 03:00:03,69.2
2022-01-13 03:30:03,69.2
2022-01-13 04:00:03,69.1
2022-01-13 04:30:03,69.2
2022-01-13 05:00:03,69.4
2022-01-13 05:30:03,69.3
2022-01-13 06:00:03,69.3
2022-01-13 06:30:03,69.2
2022-01-13 07:00:03,69.3
2022-01-13 07:30:03,69.1
2022-01-13 08:00:03,69.1
2022-01-13 08:30:03,69.2
2022-01-13 09:00:03,69.0
2022-01-13 09:30:03,68.9
2022-01-13 10:00:03,68.9
2022-01-13 10:30:03,69.1
2022-01-13 11:00:03,71.6
2022-01-13 11:30:03,71.6
2022-01-13 12:00:03,72.0
2022-01-13 12:30:03,72.3
2022-01-13 13:00:03,72.4
2022-01-13 13:30:03,72.5
2022-01-13 14:00:03,72.7
2022-01-13 14:30:03,72.8
2022-01-13 15:00:03,72.7
2022-01-13 15:30:03,72.5
2022-01-13 16:00:03,72.4
2022-01-13 16:30:03,72.4
2022-01-13 17:00:03,72.5
2022-01-13 17:30:03,72.4
2022-01-13 18:00:03,72.1
2022-01-13 18:30:03,72.3
2022-01-13 19:00:03,72.0
2022-01-13 19:30:03,71.8
2022-01-13 20:00:03,71.4
2022-01-13 20:30:03,71.7
2022-01-13 21:00:03,71.7
2022-01-13 21:30:03,71.6
2022-01-13 22:00:03,71.7
2022-01-13 22:30:03,71.5
2022-01-13 23:00:03,71.6
2022-01-13 23:30:03,71.7
2022-01-14 00:00:03,71.7
2022-01-14 00:30:03,71.7
2022-01-14 01:00:03,71.6
2022-01-14 01:30:03,71.9
2022-01-14 02:00:03,71.8
2022-01-14 02:30:03,71.8
2022-01-14 03:00:03,71.6
2022-01-14 03:30:03,71.9
2022-01-14 04:00:03,71.8
2022-01-14 04:30:03,71.8
2022-01-14 05:00:03,72.0
2022-01-14 05:30:03,71.8
2022-01-14 06:00:03,72.0
2022-01-14 06:30:03,72.1
2022-01-14 07:00:03,71.9
2022-01-14 07:30:03,72.0
2022-01-14 08:00:03,72.0
2022-01-14 08:30:03,72.0
2022-01-14 09:00:03,71.7
2022-01-14 09:30:03,71.4
2022-01-14 10:00:03,71.5
2022-01-14 10:30:03,71.6
2022-01-14 11:00:03,71.5
2022-01-14 11:30:03,71.6
2022-01-14 12:00:03,71.8
2022-01-14 12:30:03,71.7
2022-01-14 13:00:03,71.7
2022-01-14 13:30:03,71.9
2022-01-14 14:00:03,71.9
2022-01-14 14:30:03,71.9
2022-01-14 15:00:03,71.8
2022-01-14 15:30:03,71.9
2022-01-14 16:00:03,72.0
2022-01-14 16:30:03,72.2
2022-01-14 17:00:03,72.7
2022-01-14 17:30:03,72.5
2022-01-14 18:00:03,72.4
2022-01-14 18:30:03,72.3
2022-01-14 19:00:03,70.2
2022-01-14 19:30:03,70.6
2022-01-14 20:00:03,70.1
2022-01-14 20:30:03,70.1
2022-01-14 21:00:03,70.2
2022-01-14 21:30:03,70.0
2022-01-14 22:00:03,70.0
2022-01-14 22:30:03,70.2
2022-01-14 23:00:03,70.0
2022-01-14 23:30:03,70.0
2022-01-15 00:00:03,70.1
2022-01-15 00:30:03,70.0
2022-01-15 01:00:03,70.0
2022-01-15 01:30:03,70.0
2022-01-15 02:00:03,70.1
2022-01-15 02:30:03,70.0
2022-01-15 03:00:03,70.0
2022-01-15 03:30:03,70.1
2022-01-15 04:00:03,70.0
2022-01-15 04:30:03,70.1
2022-01-15 05:00:03,70.0
2022-01-15 05:30:03,70.0
2022-01-15 06:00:03,70.1
2022-01-15 06:30:03,70.2
2022-01-15 07:00:03,70.1
2022-01-15 07:30:03,70.0
2022-01-15 08:00:03,70.0
2022-01-15 08:30:03,70.1
2022-01-15 09:00:03,70.1
2022-01-15 09:30:03,70.6
2022-01-15 10:00:03,70.6
2022-01-15 10:30:03,70.6
2022-01-15 11:00:03,70.5
2022-01-15 11:30:03,70.6
2022-01-15 12:00:03,70.4
2022-01-15 12:30:03,70.7
2022-01-15 13:00:03,70.5
2022-01-15 13:30:03,70.6
2022-01-15 14:00:03,70.6
2022-01-15 14:30:03,70.6
2022-01-15 15:00:03,70.6
2022-01-15 15:30:03,70.6
2022-01-15 16:00:03,70.6
2022-01-15 16:30:03,70.5
2022-01-15 17:00:03,70.6
2022-01-15 17:30:03,70.6
2022-01-15 18:00:03,70.5
2022-01-15 18:30:03,70.6
2022-01-15 19:00:03,70.5
2022-01-15 19:30:03,70.4
2022-01-15 20:00:03,70.5
2022-01-15 20:30:03,69.9
2022-01-15 21:00:03,70.6
2022-01-15 21:30:03,71.1
2022-01-15 22:00:03,70.3
2022-01-15 22:30:03,69.9
2022-01-15 23:00:03,70.4
2022-01-15 23:30:03,70.4
2022-01-16 00:00:03,70.4
2022-01-16 00:30:03,70.5
2022-01-16 01:00:03,70.4
2022-01-16 01:30:03,70.4
2022-01-16 02:00:03,70.3
2022-01-16 03:00:03,70.3
2022-01-16 03:30:03,70.2
2022-01-16 04:00:03,70.6
2022-01-16 04:30:03,70.3
2022-01-16 05:00:03,70.4
2022-01-16 05:30:03,70.4
2022-01-16 06:00:03,70.4
2022-01-16 06:30:03,70.1
2022-01-16 07:00:03,70.3
2022-01-16 07:30:03,70.1
2022-01-16 08:00:03,70.1
2022-01-16 08:30:03,70.1
2022-01-16 09:00:03,70.1
2022-01-16 09:30:03,68.7
2022-01-16 10:00:03,85.0
2022-01-16 10:30:03,85.0
2022-01-16 11:00:03,87.1
2022-01-16 11:30:03,87.2
2022-01-16 12:00:03,85.4
2022-01-16 12:30:03,85.0
2022-01-16 13:00:03,85.4
2022-01-16 13:30:03,85.6
2022-01-16 14:00:03,85.4
2022-01-16 14:30:03,86.0
2022-01-16 15:00:03,85.4
2022-01-16 15:30:03,85.3
2022-01-16 16:00:03,84.8
2022-01-16 16:30:03,86.0
2022-01-16 17:00:03,85.5
2022-01-16 18:00:03,85.2
2022-01-16 18:30:03,85.1
2022-01-16 19:00:03,85.2
2022-01-16 19:30:03,85.6
2022-01-16 20:00:03,85.4
2022-01-16 20:30:03,85.3
2022-01-16 21:00:03,85.3
2022-01-16 21:30:03,84.7
2022-01-16 22:00:03,85.2
2022-01-16 22:30:03,85.0
2022-01-16 23:00:03,85.4
2022-01-16 23:30:03,85.3
2022-01-17 00:00:03,85.3
2022-01-17 00:30:03,85.3
2022-01-17 01:00:03,84.8
2022-01-17 01:30:03,85.6
2022-01-17 02:00:03,85.7
2022-01-17 02:30:03,85.2
2022-01-17 03:00:03,85.2
2022-01-17 03:30:03,85.4
2022-01-17 04:00:03,85.4
2022-01-17 04:30:03,86.2
2022-01-17 05:00:03,85.8
2022-01-17 05:30:03,86.0
2022-01-17 06:00:03,86.5
2022-01-17 06:30:03,86.0
2022-01-17 07:00:03,86.5
2022-01-17 07:30:03,85.7
2022-01-17 08:00:03,85.7
2022-01-17 08:30:03,85.9
2022-01-17 09:00:03,86.0
2022-01-17 09:30:03,86.2
2022-01-17 10:00:03,86.5
2022-01-17 10:30:03,86.4
2022-01-17 11:00:03,85.9
2022-01-17 11:30:03,86.6
2022-01-17 12:00:03,86.4
2022-01-17 12:30:03,85.8
2022-01-17 13:00:03,86.4
2022-01-17 13:30:03,86.9
2022-01-17 14:00:03,86.8
2022-01-17 14:30:03,87.3
2022-01-17 15:00:03,87.0
2022-01-17 15:30:03,87.3
2022-01-17 16:00:03,88.9
2022-01-17 16:30:03,89.4
2022-01-17 17:00:03,88.5
2022-01-17 17:30:03,89.2
2022-01-17 18:00:03,88.8
2022-01-17 18:30:03,89.0
2022-01-17 19:00:03,91.9
2022-01-17 19:30:03,91.2
2022-01-17 20:30:03,88.8
2022-01-17 21:00:03,88.7
2022-01-17 21:30:03,88.7
2022-01-17 22:00:03,88.6
2022-01-17 22:30:03,88.6
2022-01-17 23:00:03,88.5
2022-01-17 23:30:03,88.6
2022-01-18 00:00:03,88.7
2022-01-18 00:30:03,88.7
2022-01-18 01:00:03,88.6
2022-01-18 01:30:03,88.8
2022-01-18 02:00:03,88.8
2022-01-18 02:30:03,88.8
2022-01-18 03:00:03,88.8
2022-01-18 03:30:03,88.8
2022-01-18 04:00:03,88.7
2022-01-18 04:30:03,88.6
2022-01-18 05:00:03,88.8
2022-01-18 05:30:03,88.9
2022-01-18 06:00:03,88.9
2022-01-18 06:30:03,88.9
2022-01-18 07:00:03,88.9
2022-01-18 07:30:03,88.9
2022-01-18 08:00:03,88.9
2022-01-18 08:30:03,89.0
2022-01-18 09:00:03,88.9
2022-01-18 09:30:03,88.8
2022-01-18 10:00:03,89.6
2022-01-18 10:30:03,83.4
2022-01-18 11:00:03,88.6
2022-01-18 11:30:03,87.3
2022-01-18 12:00:03,87.6
2022-01-18 12:30:03,86.7
2022-01-18 13:00:03,88.8
2022-01-18 13:30:03,89.2
2022-01-18 14:00:03,89.3
2022-01-18 14:30:03,91.0
2022-01-18 15:00:03,90.9
2022-01-18 15:30:03,89.5
2022-01-18 16:00:03,89.6
2022-01-18 16:30:03,89.7
2022-01-18 17:00:03,90.0
2022-01-18 17:30:03,90.0
2022-01-18 18:00:03,90.0
2022-01-18 18:30:03,89.9
2022-01-18 19:00:03,90.1
2022-01-18 19:30:03,90.1
2022-01-18 20:00:03,89.9
2022-01-18 20:30:03,90.0
2022-01-18 21:00:03,89.9
2022-01-18 21:30:03,89.9
2022-01-18 22:00:03,89.9
2022-01-18 22:30:03,89.9
2022-01-18 23:00:03,89.9
2022-01-18 23:30:03,90.0
2022-01-19 00:00:03,90.0
2022-01-19 00:30:03,90.0
2022-01-19 01:00:03,90.0
2022-01-19 01:30:03,90.2
2022-01-19 02:00:03,90.2
2022-01-19 02:30:03,90.0
2022-01-19 03:00:03,90.0
2022-01-19 03:30:03,90.1
2022-01-19 04:00:03,90.2
2022-01-19 04:30:03,94.0
2022-01-19 05:00:03,87.1
2022-01-19 05:30:03,86.5
2022-01-19 06:30:03,86.6
2022-01-19 07:00:03,86.7
2022-01-19 07:30:03,86.8
2022-01-19 08:00:03,86.8
2022-01-19 08:30:03,86.8
2022-01-19 09:00:03,87.0
2022-01-19 09:30:03,87.0
2022-01-19 10:00:03,89.1
2022-01-19 10:30:03,89.2
2022-01-19 11:00:03,89.2
2022-01-19 11:30:03,89.1
2022-01-19 12:00:03,90.6
2022-01-19 12:30:03,88.5
2022-01-19 13:00:03,88.4
2022-01-19 13:30:03,88.4
2022-01-19 14:00:03,88.5
2022-01-19 14:30:03,88.5
2022-01-19 15:00:03,88.5
2022-01-19 15:30:03,88.5
2022-01-19 16:00:03,88.4
2022-01-19 16:30:03,88.4
2022-01-19 17:00:03,88.8
2022-01-19 17:30:03,89.0
2022-01-19 18:00:03,88.4
2022-01-19 18:30:03,89.0
2022-01-19 19:00:03,88.9
2022-01-19 19:30:03,88.9
2022-01-19 20:00:03,88.8
2022-01-19 20:30:03,89.0
2022-01-19 21:00:03,88.7
2022-01-19 21:30:03,88.6
2022-01-19 22:00:03,89.0
2022-01-19 22:30:03,89.6
2022-01-19 23:00:03,89.6
2022-01-19 23:30:03,89.3
2022-01-20 00:00:03,90.4
2022-01-20 00:30:03,89.2
2022-01-20 01:00:03,89.5
2022-01-20 01:30:03,89.6
2022-01-20 02:00:03,89.2
2022-01-20 02:30:03,89.5
2022-01-20 03:00:03,90.0
2022-01-20 03:30:03,89.6
2022-01-20 04:00:03,89.0
2022-01-20 04:30:03,89.6
2022-01-20 05:00:03,89.1
2022-01-20 05:30:03,89.8
2022-01-20 06:00:03,89.6
2022-01-20 06:30:03,89.7
2022-01-20 07:00:03,89.6
2022-01-20 07:30:03,89.6
2022-01-20 08:00:03,89.7
2022-01-20 08:30:03,89.6
2022-01-20 09:00:03,89.7
2022-01-20 09:30:03,89.5
2022-01-20 10:00:03,89.6
2022-01-20 10:30:03,89.8
2022-01-20 11:00:03,90.1
2022-01-20 11:30:03,89.9
2022-01-20 12:00:03,89.5
2022-01-20 12:30:03,89.9
2022-01-20 13:00:03,92.2
2022-01-20 13:30:03,90.5
2022-01-20 14:00:03,90.4
2022-01-20 14:30:03,90.8
2022-01-20 15:00:03,90.5
2022-01-20 15:30:03,90.3
2022-01-20 16:00:03,90.3
2022-01-20 16:30:03,90.2
2022-01-20 17:00:03,90.1
2022-01-20 17:30:03,90.7
2022-01-20 18:00:03,90.4
2022-01-20 18:30:03,89.3
2022-01-20 19:00:03,90.1
2022-01-20 19:30:03,90.0
2022-01-20 20:00:03,90.7
2022-01-20 20:30:03,89.9
2022-01-20 21:00:03,90.6
2022-01-20 21:30:03,90.1
2022-01-20 22:00:03,90.0
2022-01-20 22:30:03,90.0
2022-01-20 23:00:03,89.9
2022-01-20 23:30:03,89.9
2022-01-21 00:00:03,89.7
2022-01-21 00:30:03,89.7
2022-01-21 01:00:03,90.1
2022-01-21 01:30:03,89.8
2022-01-21 02:00:03,89.9
2022-01-21 02:30:03,89.7
2022-01-21 03:00:03,89.7
2022-01-21 03:30:03,89.7
2022-01-21 04:00:03,89.8
2022-01-21 04:30:03,89.8
2022-01-21 05:00:03,89.8
2022-01-21 05:30:03,89.9
2022-01-21 06:00:03,89.5
2022-01-21 06:30:03,89.9
2022-01-21 07:00:03,89.9
2022-01-21 07:30:03,89.9
2022-01-21 08:00:03,89.9
2022-01-21 08:30:03,89.9
2022-01-21 09:00:03,89.8
2022-01-21 09:30:03,89.9
2022-01-21 10:00:03,89.9
2022-01-21 10:30:03,90.4
2022-01-21 11:00:03,90.0
2022-01-21 11:30:03,89.6
2022-01-21 12:00:03,89.8
2022-01-21 12:30:03,89.8
2022-01-21 13:00:03,89.9
2022-01-21 13:30:03,89.6
2022-01-21 14:00:03,89.8
2022-01-21 14:30:03,89.5
2022-01-21 15:00:03,89.7
2022-01-21 15:30:03,89.8
2022-01-21 16:00:03,89.6
2022-01-21 16:30:03,89.5
2022-01-21 17:00:03,89.4
2022-01-21 17:30:03,89.4
2022-01-21 18:00:03,89.3
2022-01-21 18:30:03,89.4
2022-01-21 19:00:03,89.4
2022-01-21 19:30:03,89.3
2022-01-21 20:00:03,89.2
2022-01-21 21:00:03,89.3
2022-01-21 21:30:03,89.5
2022-01-21 22:00:03,89.3
2022-01-21 22:30:03,89.3
2022-01-21 23:00:03,89.4
2022-01-21 23:30:03,89.5
2022-01-22 00:00:03,89.4
2022-01-22 00:30:03,88.9
2022-01-22 01:00:03,89.2
2022-01-22 01:30:03,89.5
2022-01-22 02:00:03,89.2
2022-01-22 02:30:03,89.3
2022-01-22 03:00:03,89.1
2022-01-22 03:30:03,89.9
2022-01-22 04:00:03,89.2
2022-01-22 04:30:03,88.9
2022-01-22 05:00:03,89.7
2022-01-22 05:30:03,89.2
2022-01-22 06:00:03,89.3
2022-01-22 06:30:03,89.6
2022-01-22 07:00:03,89.5
2022-01-22 07:30:03,89.7
2022-01-22 08:00:03,89.6
2022-01-22 08:30:03,90.2
2022-01-22 09:00:03,91.6
2022-01-22 09:30:03,90.5
2022-01-22 10:00:03,89.8
2022-01-22 10:30:03,92.5
2022-01-22 11:00:03,92.5
2022-01-22 11:30:03,95.7
2022-01-22 12:00:03,95.2
2022-01-22 12:30:03,99.6
2022-01-22 13:00:03,102
2022-01-22 13:30:03,100
2022-01-22 14:00:03,99.8
2022-01-22 14:30:03,97.9
2022-01-22 15:00:03,100
2022-01-22 15:30:03,100
2022-01-22 16:00:03,99.7
2022-01-22 16:30:03,99.0
2022-01-22 17:00:03,98.9
2022-01-22 17:30:03,98.9
2022-01-22 18:00:03,98.8
2022-01-22 18:30:03,98.9
2022-01-22 19:00:03,99.0
2022-01-22 19:30:03,98.9
2022-01-22 20:00:03,99.0
2022-01-22 20:30:03,98.9
2022-01-22 21:00:03,98.9
2022-01-22 21:30:03,99.0
2022-01-22 22:00:03,98.9
2022-01-22 22:30:03,99.0
2022-01-22 23:00:03,98.9
2022-01-22 23:30:03,98.9
2022-01-23 00:00:03,99.1
2022-01-23 00:30:03,99.5
2022-01-23 01:00:03,99.2
2022-01-23 01:30:03,99.6
2022-01-23 02:00:03,99.5
2022-01-23 02:30:03,99.5
2022-01-23 03:00:03,99.2
2022-01-23 03:30:03,99.1
2022-01-23 04:00:03,99.2
2022-01-23 04:30:03,99.1
2022-01-23 05:00:03,99.1
2022-01-23 05:30:03,99.1
2022-01-23 06:00:03,99.1
2022-01-23 06:30:03,98.8
2022-01-23 07:00:03,98.9
2022-01-23 07:30:03,98.8
2022-01-23 08:00:03,98.8
2022-01-23 08:30:03,98.9
2022-01-23 09:00:03,99.8
2022-01-23 09:30:03,100
2022-01-23 10:00:03,100
2022-01-23 10:30:03,97.0
2022-01-23 11:00:03,96.8
2022-01-23 11:30:03,97.0
2022-01-23 12:00:03,101
2022-01-23 12:30:03,102
2022-01-23 13:00:03,103
2022-01-23 13:30:03,102
2022-01-23 14:00:03,102
2022-01-23 14:30:03,102
2022-01-23 15:00:03,102
2022-01-23 15:30:03,101
2022-01-23 16:00:03,101
2022-01-23 16:30:03,101
2022-01-23 17:00:03,101
2022-01-23 17:30:03,101
2022-01-23 18:00:03,101
2022-01-23 18:30:03,101
2022-01-23 19:00:03,101
2022-01-23 19:30:03,101
2022-01-23 20:00:03,101
2022-01-23 20:30:03,101
2022-01-23 21:00:03,101
2022-01-23 21:30:03,101
2022-01-23 22:00:03,101
2022-01-23 22:30:03,101
2022-01-23 23:00:03,101
2022-01-23 23:30:03,101
2022-01-24 00:00:03,101
2022-01-24 00:30:03,101
2022-01-24 01:00:03,101
2022-01-24 01:30:03,102
2022-01-24 02:00:03,102
2022-01-24 02:30:03,102
2022-01-24 03:00:03,102
2022-01-24 03:30:03,102
2022-01-24 04:00:03,102
2022-01-24 04:30:03,102
2022-01-24 05:00:03,102
2022-01-24 05:30:03,102
2022-01-24 06:00:03,102
2022-01-24 06:30:03,102
2022-01-24 07:00:03,102
2022-01-24 07:30:03,102
2022-01-24 08:00:03,98.2
2022-01-24 08:30:03,99.3
2022-01-24 09:00:03,98.5
2022-01-24 09:30:03,98.4
2022-01-24 10:00:03,98.5
2022-01-24 10:30:03,98.5
2022-01-24 11:00:03,98.5
2022-01-24 11:30:03,98.4
2022-01-24 12:00:03,98.6
2022-01-24 12:30:03,98.6
2022-01-24 13:00:03,98.7
2022-01-24 13:30:03,98.7
2022-01-24 14:00:03,98.6
2022-01-24 14:30:03,98.6
2022-01-24 15:00:03,98.8
2022-01-24 15:30:03,98.8
2022-01-24 16:00:03,98.8
2022-01-24 16:30:03,98.7
2022-01-24 17:00:03,98.8
2022-01-24 17:30:03,98.8
2022-01-24 18:00:03,98.7
2022-01-24 18:30:03,98.7
2022-01-24 19:00:03,98.8
2022-01-24 19:30:03,98.8
2022-01-24 20:00:03,98.7
2022-01-24 20:30:03,98.8
2022-01-24 21:00:03,98.8
2022-01-24 21:30:03,98.8
2022-01-24 22:00:03,98.8
2022-01-24 22:30:03,98.9
2022-01-24 23:00:03,98.8
2022-01-24 23:30:03,98.8
2022-01-25 00:00:03,98.8
2022-01-25 00:30:03,98.9
2022-01-25 01:00:03,98.9
2022-01-25 01:30:03,98.9
2022-01-25 02:00:03,98.9
2022-01-25 02:30:03,99.0
2022-01-25 03:00:03,98.9
2022-01-25 03:30:03,98.9
2022-01-25 04:00:03,99.1
2022-01-25 04:30:03,99.1
2022-01-25 05:00:03,99.1
2022-01-25 05:30:03,99.3
2022-01-25 06:00:03,99.3
2022-01-25 06:30:03,99.1
2022-01-25 07:00:03,99.2
2022-01-25 07:30:03,99.1
2022-01-25 08:00:03,99.3
2022-01-25 08:30:03,99.1
2022-01-25 09:00:03,99.2
2022-01-25 09:30:03,99.1
2022-01-25 10:00:03,99.2
2022-01-25 10:30:03,99.1
2022-01-25 11:00:03,99.1
2022-01-25 11:30:03,99.2
2022-01-25 12:00:03,99.5
2022-01-25 12:30:03,98.9
2022-01-25 13:00:03,98.8
2022-01-25 13:30:03,98.9
2022-01-25 14:00:03,98.8
2022-01-25 14:30:03,98.8
2022-01-25 15:00:03,98.9
2022-01-25 15:30:03,98.9
2022-01-25 16:00:03,99.5
2022-01-25 16:30:03,99.4
2022-01-25 17:00:03,99.5
2022-01-25 17:30:03,99.4
2022-01-25 18:00:03,99.5
2022-01-25 18:30:03,99.4
2022-01-25 19:00:03,99.4
2022-01-25 19:30:03,99.5
2022-01-25 20:00:03,99.4
2022-01-25 20:30:03,99.4
2022-01-25 21:00:03,99.5
2022-01-25 21:30:03,99.4
2022-01-25 22:00:03,99.2
2022-01-25 22:30:03,99.3
2022-01-25 23:00:03,99.3
2022-01-25 23:30:03,99.3
2022-01-26 00:00:03,99.2
2022-01-26 00:30:03,99.2
2022-01-26 01:00:03,99.2
2022-01-26 01:30:03,99.3
2022-01-26 02:00:03,99.2
2022-01-26 02:30:03,99.1
2022-01-26 03:00:03,99.2
2022-01-26 03:30:03,99.1
2022-01-26 04:00:03,99.0
2022-01-26 04:30:03,102
2022-01-26 05:00:03,98.1
2022-01-26 05:30:03,97.2
2022-01-26 06:00:03,97.1
2022-01-26 06:30:03,97.3
2022-01-26 07:00:03,97.3
2022-01-26 07:30:03,97.2
2022-01-26 08:00:03,97.2
2022-01-26 08:30:03,97.2
2022-01-26 09:00:03,97.3
2022-01-26 09:30:03,97.2
2022-01-26 10:00:03,98.0
2022-01-26 10:30:03,98.0
2022-01-26 11:00:03,98.3
2022-01-26 11:30:03,98.3
2022-01-26 12:00:03,98.8
2022-01-26 12:30:03,98.8
2022-01-26 13:00:03,98.8
2022-01-26 13:30:03,98.8
2022-01-26 14:00:03,101
2022-01-26 14:30:03,99.6
2022-01-26 15:00:03,99.5
2022-01-26 15:30:03,99.8
2022-01-26 16:00:03,100
2022-01-26 16:30:03,100
2022-01-26 17:00:03,100.0
2022-01-26 17:30:03,99.9
2022-01-26 18:00:03,100
2022-01-26 18:30:03,100
2022-01-26 19:00:03,99.9
2022-01-26 19:30:03,100.0
2022-01-26 20:00:03,100
2022-01-26 20:30:03,100
2022-01-26 21:00:03,100
2022-01-26 21:30:03,100
2022-01-26 22:00:03,100
2022-01-26 22:30:03,100
2022-01-26 23:00:03,100
2022-01-26 23:30:03,100
2022-01-27 00:00:03,100
2022-01-27 00:30:03,100
2022-01-27 01:00:03,100
2022-01-27 01:30:03,100
2022-01-27 02:00:03,100
2022-01-27 02:30:03,101
2022-01-27 03:00:03,101
2022-01-27 03:30:03,101
2022-01-27 04:00:03,101
2022-01-27 04:30:03,101
2022-01-27 05:00:03,100
2022-01-27 05:30:03,101
2022-01-27 06:00:03,101
2022-01-27 06:30:03,101
2022-01-27 07:00:03,101
2022-01-27 07:30:03,101
2022-01-27 08:00:03,100
2022-01-27 08:30:03,101
2022-01-27 09:00:03,101
2022-01-27 09:30:03,98.3
2022-01-27 10:00:03,98.1
2022-01-27 10:30:03,96.8
2022-01-27 11:00:03,97.5
2022-01-27 11:30:03,98.0
2022-01-27 12:00:03,97.3
2022-01-27 12:30:03,97.1
2022-01-27 13:00:03,97.7
2022-01-27 13:30:03,97.6
2022-01-27 14:00:03,97.4
2022-01-27 14:30:03,97.0
2022-01-27 15:00:03,98.0
2022-01-27 15:30:03,95.2
2022-01-27 16:00:03,95.5
2022-01-27 16:30:03,95.6
2022-01-27 17:00:03,95.9
2022-01-27 17:30:03,95.0
2022-01-27 18:00:03,96.4
2022-01-27 18:30:03,95.9
2022-01-27 19:00:03,96.3
2022-01-27 19:30:03,95.9
2022-01-27 20:00:03,95.5
2022-01-27 20:30:03,95.5
2022-01-27 21:00:03,96.5
2022-01-27 21:30:03,95.9
2022-01-27 22:00:03,96.1
2022-01-27 22:30:03,95.9
2022-01-27 23:00:03,95.4
2022-01-27 23:30:03,95.9
2022-01-28 00:00:03,96.0
2022-01-28 00:30:03,96.2
2022-01-28 01:00:03,95.9
2022-01-28 01:30:03,96.3
2022-01-28 02:00:03,96.3
2022-01-28 02:30:03,96.5
2022-01-28 03:00:03,96.5
2022-01-28 03:30:03,96.6
2022-01-28 04:00:03,96.9
2022-01-28 04:30:03,96.6
2022-01-28 05:00:03,96.6
2022-01-28 05:30:03,96.0
2022-01-28 06:00:03,96.4
2022-01-28 06:30:03,96.1
2022-01-28 07:00:03,97.0
2022-01-28 07:30:03,96.7
2022-01-28 08:00:03,96.5
2022-01-28 08:30:03,96.8
2022-01-28 09:00:03,96.5
2022-01-28 09:30:03,96.5
2022-01-28 10:00:03,97.1
2022-01-28 10:30:03,96.7
2022-01-28 11:00:03,96.4
2022-01-28 11:30:03,96.5
2022-01-28 12:00:03,96.6
2022-01-28 12:30:03,96.7
2022-01-28 13:00:03,97.3
2022-01-28 13:30:03,97.3
2022-01-28 14:00:03,97.5
2022-01-28 14:30:03,96.8
2022-01-28 15:00:03,98.1
2022-01-28 15:30:03,97.5
2022-01-28 16:00:03,97.6
2022-01-28 16:30:03,97.6
2022-01-28 17:00:03,97.6
2022-01-28 17:30:03,97.6
2022-01-28 18:00:03,97.6
2022-01-28 18:30:03,97.6
2022-01-28 19:00:03,97.4
2022-01-28 19:30:03,97.4
2022-01-28 20:00:03,97.4
2022-01-28 20:30:03,97.5
2022-01-28 21:00:03,97.4
2022-01-28 21:30:03,97.3
2022-01-28 22:00:03,97.4
2022-01-28 22:30:03,97.4
2022-01-28 23:00:03,97.4
2022-01-28 23:30:03,97.5
2022-01-29 00:00:03,97.5
2022-01-29 00:30:03,97.5
2022-01-29 01:00:03,97.6
2022-01-29 01:30:03,97.5
2022-01-29 02:00:03,97.4
2022-01-29 02:30:03,97.4
2022-01-29 03:00:03,97.4
2022-01-29 03:30:03,97.4
2022-01-29 04:00:03,97.6
2022-01-29 04:30:03,97.6
2022-01-29 05:00:03,97.2
2022-01-29 05:30:03,97.4
2022-01-29 06:00:03,97.3
2022-01-29 06:30:03,97.5
2022-01-29 07:00:03,97.2
2022-01-29 07:30:03,97.6
2022-01-29 08:00:03,97.5
2022-01-29 08:30:03,97.5
2022-01-29 09:00:03,97.2
2022-01-29 09:30:03,97.3
2022-01-29 10:00:03,97.3
2022-01-29 10:30:03,94.0
2022-01-29 11:00:03,94.0
2022-01-29 11:30:03,94.2
2022-01-29 12:00:03,94.0
2022-01-29 12:30:03,94.7
2022-01-29 13:00:03,94.6
2022-01-29 14:00:03,95.0
2022-01-29 14:30:03,94.6
2022-01-29 15:00:03,94.8
2022-01-29 15:30:03,94.2
2022-01-29 16:00:03,95.7
2022-01-29 16:30:03,94.8
2022-01-29 17:00:03,94.1
2022-01-29 17:30:03,95.6
2022-01-29 18:00:03,96.5
2022-01-29 18:30:03,95.3
2022-01-29 19:00:03,95.3
2022-01-29 19:30:03,96.2
2022-01-29 20:00:03,95.6
2022-01-29 20:30:03,95.6
2022-01-29 21:00:03,96.0
2022-01-29 21:30:03,95.5
2022-01-29 22:00:03,95.1
2022-01-29 22:30:03,96.4
2022-01-29 23:00:03,96.1
2022-01-29 23:30:03,95.9
2022-01-30 00:00:03,96.8
2022-01-30 00:30:03,96.4
2022-01-30 01:00:03,96.3
2022-01-30 01:30:03,102
2022-01-30 02:00:03,96.8
2022-01-30 02:30:03,95.3
2022-01-30 03:00:03,98.4
2022-01-30 03:30:03,101
2022-01-30 04:00:03,95.8
2022-01-30 04:30:03,96.4
2022-01-30 05:00:03,95.4
2022-01-30 05:30:03,95.3
2022-01-30 06:00:03,95.8
2022-01-30 06:30:03,96.1
2022-01-30 07:00:03,96.1
2022-01-30 07:30:03,95.5
2022-01-30 08:00:03,96.3
2022-01-30 08:30:03,95.5
2022-01-30 09:00:03,96.1
2022-01-30 09:30:03,95.7
2022-01-30 10:00:03,96.1
2022-01-30 10:30:03,96.2
2022-01-30 11:00:03,96.3
2022-01-30 11:30:03,95.1
2022-01-30 12:00:03,95.5
2022-01-30 12:30:03,95.7
2022-01-30 13:00:03,95.6
2022-01-30 13:30:03,94.8
2022-01-30 14:00:03,96.7
2022-01-30 14:30:03,95.3
2022-01-30 15:00:03,95.7
2022-01-30 15:30:03,96.0
2022-01-30 16:00:03,95.7
2022-01-30 16:30:03,96.5
2022-01-30 17:00:03,96.0
2022-01-30 17:30:03,96.2
2022-01-30 18:00:03,96.6
2022-01-30 18:30:03,96.1
2022-01-30 19:00:03,96.2
2022-01-30 19:30:03,96.0
2022-01-30 20:00:03,96.5
2022-01-30 20:30:03,96.6
2022-01-30 21:00:03,96.3
2022-01-30 21:30:03,96.3
2022-01-30 22:00:03,95.9
2022-01-30 22:30:03,96.4
2022-01-30 23:00:03,96.3
2022-01-30 23:30:03,96.6
2022-01-31 00:00:03,96.4
2022-01-31 00:30:03,96.2
2022-01-31 01:00:03,96.5
2022-01-31 01:30:03,96.2
2022-01-31 02:00:03,96.5
2022-01-31 02:30:03,96.5
2022-01-31 03:00:03,96.5
2022-01-31 03:30:03,96.5
2022-01-31 04:00:03,96.5
2022-01-31 04:30:03,96.4
2022-01-31 05:00:03,96.4
2022-01-31 05:30:03,96.5
2022-01-31 06:00:03,96.4
2022-01-31 06:30:03,96.4
2022-01-31 07:00:03,96.5
2022-01-31 07:30:03,96.3
2022-01-31 08:00:03,96.5
2022-01-31 08:30:03,96.4
2022-01-31 09:00:03,95.5
2022-01-31 09:30:03,96.0
2022-01-31 10:00:03,95.8
2022-01-31 10:30:03,95.9
2022-01-31 11:00:03,95.8
2022-01-31 11:30:03,95.9
2022-01-31 12:00:03,96.3
2022-01-31 12:30:03,97.5
2022-01-31 13:00:03,98.1
2022-01-31 13:30:03,97.3
2022-01-31 14:00:03,99.0
2022-01-31 14:30:03,97.3
2022-01-31 15:00:03,97.7
2022-01-31 15:30:03,96.6
2022-01-31 16:00:03,96.7
2022-01-31 16:30:03,96.3
2022-01-31 17:00:03,96.4
2022-01-31 17:30:03,96.4
2022-01-31 18:00:03,96.2
2022-01-31 18:30:03,95.9
2022-01-31 19:00:03,96.1
2022-01-31 19:30:03,96.1
2022-01-31 20:00:03,96.3
2022-01-31 20:30:03,96.4
2022-01-31 21:00:03,97.2
2022-01-31 21:30:03,97.0
2022-01-31 22:00:03,97.0
2022-01-31 22:30:03,97.0
2022-01-31 23:00:03,96.9
2022-01-31 23:30:03,97.9
2022-02-01 00:00:03,96.9
2022-02-01 00:30:03,96.9
2022-02-01 01:00:03,96.8
2022-02-01 01:30:03,96.7
2022-02-01 02:00:03,96.7
2022-02-01 02:30:03,96.7
2022-02-01 03:00:03,96.8
2022-02-01 03:30:03,96.7
2022-02-01 04:00:03,96.7
2022-02-01 04:30:03,96.6
2022-02-01 05:00:03,96.8
2022-02-01 05:30:03,96.7
2022-02-01 06:00:03,96.8
2022-02-01 06:30:03,96.7
2022-02-01 07:00:03,96.7
2022-02-01 07:30:03,96.8
2022-02-01 08:00:03,96.9
2022-02-01 08:30:03,96.8
2022-02-01 09:00:03,96.6
2022-02-01 09:30:03,96.6
2022-02-01 10:00:03,96.7
2022-02-01 10:30:03,96.6
2022-02-01 11:00:03,97.1
2022-02-01 11:30:03,97.3
2022-02-01 12:00:03,97.1
2022-02-01 12:30:03,97.6
2022-02-01 13:00:03,97.2
2022-02-01 13:30:03,97.5
2022-02-01 14:00:03,97.2
2022-02-01 14:30:03,97.4
2022-02-01 15:00:03,97.8
2022-02-01 15:30:03,97.5
2022-02-01 16:00:03,97.7
2022-02-01 16:30:03,97.4
2022-02-01 17:00:03,97.8
2022-02-01 17:30:03,98.1
2022-02-01 18:00:03,99.4
2022-02-01 18:30:03,98.5
2022-02-01 19:00:03,98.1
2022-02-01 19:30:03,97.4
2022-02-01 20:00:03,98.6
2022-02-01 20:30:03,98.5
2022-02-01 21:00:03,98.2
2022-02-01 21:30:03,98.0
2022-02-01 22:00:03,98.3
2022-02-01 22:30:03,98.1
2022-02-01 23:00:03,98.5
2022-02-01 23:30:03,97.8
2022-02-02 00:00:03,98.3
2022-02-02 00:30:03,98.7
2022-02-02 01:00:03,98.7
2022-02-02 01:30:03,99.0
2022-02-02 02:00:03,98.8
2022-02-02 02:30:03,98.6
2022-02-02 03:00:03,98.7
2022-02-02 03:30:03,98.9
2022-02-02 04:00:03,99.0
2022-02-02 04:30:03,99.6
2022-02-02 05:00:03,98.6
2022-02-02 05:30:03,97.4
2022-02-02 06:00:03,97.3
2022-02-02 06:30:03,97.4
2022-02-02 07:00:03,97.5
2022-02-02 07:30:03,98.1
2022-02-02 08:00:03,97.6
2022-02-02 08:30:03,98.1
2022-02-02 09:00:03,96.0
2022-02-02 09:30:03,94.8
2022-02-02 10:00:03,94.8
2022-02-02 10:30:03,96.1
2022-02-02 11:00:03,95.3
2022-02-02 11:30:03,95.5
2022-02-02 12:00:03,95.7
2022-02-02 12:30:03,96.8
2022-02-02 13:00:03,95.9
2022-02-02 13:30:03,95.7
2022-02-02 14:00:03,96.1
2022-02-02 14:30:03,97.4
2022-02-02 15:00:03,96.5
2022-02-02 15:30:03,96.3
2022-02-02 16:00:03,96.2
2022-02-02 16:30:03,96.2
2022-02-02 17:00:03,96.4
2022-02-02 17:30:03,96.4
2022-02-02 18:00:03,96.3
2022-02-02 18:30:03,96.4
2022-02-02 19:00:03,96.4
2022-02-02 19:30:03,96.4
2022-02-02 20:00:03,96.4
2022-02-02 20:30:03,96.5
2022-02-02 21:00:03,96.3
2022-02-02 21:30:03,96.4
2022-02-02 22:00:03,96.5
2022-02-02 22:30:03,96.4
2022-02-02 23:00:03,96.5
2022-02-02 23:30:03,96.5
2022-02-03 00:00:03,96.4
2022-02-03 00:30:03,96.3
2022-02-03 01:00:03,96.5
2022-02-03 01:30:03,96.4
2022-02-03 02:00:03,96.4
2022-02-03 02:30:03,96.4
2022-02-03 03:00:03,96.3
2022-02-03 03:30:03,96.4
2022-02-03 04:00:03,96.4
2022-02-03 04:30:03,96.2
2022-02-03 05:00:03,96.3
2022-02-03 05:30:03,96.2
2022-02-03 06:00:03,96.2
2022-02-03 06:30:03,96.3
2022-02-03 07:00:03,96.2
2022-02-03 07:30:03,96.0
2022-02-03 08:00:03,97.8
2022-02-03 08:30:03,95.8
2022-02-03 09:00:03,96.3
2022-02-03 09:30:03,97.0
2022-02-03 10:00:03,96.9
2022-02-03 10:30:03,96.4
2022-02-03 11:00:03,96.6
2022-02-03 11:30:03,96.5
2022-02-03 12:00:03,96.6
2022-02-03 12:30:03,96.7
2022-02-03 13:30:03,96.7
2022-02-03 14:00:03,96.7
2022-02-03 14:30:03,96.8
2022-02-03 15:00:03,96.7
2022-02-03 15:30:03,96.7
2022-02-03 16:00:03,96.7
2022-02-03 16:30:03,96.7
2022-02-03 17:00:03,96.8
2022-02-03 17:30:03,96.7
2022-02-03 18:00:03,96.6
2022-02-03 18:30:03,96.7
2022-02-03 19:00:03,96.4
2022-02-03 19:30:03,96.4
2022-02-03 20:00:03,96.5
2022-02-03 20:30:03,96.3
2022-02-03 21:00:03,96.4
2022-02-03 21:30:03,96.4
2022-02-03 22:00:03,96.4
2022-02-03 23:00:03,96.4
2022-02-03 23:30:03,96.5
2022-02-04 00:00:03,96.5
2022-02-04 00:30:03,96.5
2022-02-04 01:00:03,96.6
2022-02-04 01:30:03,96.5
2022-02-04 02:00:03,96.6
2022-02-04 02:30:03,96.7
2022-02-04 03:00:03,96.6
2022-02-04 03:30:03,96.7
2022-02-04 04:00:03,96.7
2022-02-04 04:30:03,96.7
2022-02-04 05:00:03,96.7
2022-02-04 05:30:03,96.6
2022-02-04 06:00:03,96.7
2022-02-04 06:30:03,96.8
2022-02-04 07:00:03,96.6
2022-02-04 07:30:03,96.6
2022-02-04 08:00:03,96.5
2022-02-04 08:30:03,96.4
2022-02-04 09:00:03,96.4
2022-02-04 09:30:03,96.7
2022-02-04 10:00:03,96.5
2022-02-04 10:30:03,96.3
2022-02-04 11:00:03,97.8
2022-02-04 11:30:03,98.0
2022-02-04 12:00:03,97.8
2022-02-04 12:30:03,97.8
2022-02-04 13:00:03,97.7
2022-02-04 13:30:03,97.4
2022-02-04 14:00:03,97.4
2022-02-04 14:30:03,97.3
2022-02-04 15:00:03,97.3
2022-02-04 15:30:03,97.0
2022-02-04 16:00:03,97.0
2022-02-04 16:30:03,97.1
2022-02-04 17:00:03,96.9
2022-02-04 17:30:03,97.2
2022-02-04 18:00:03,97.1
2022-02-04 18:30:03,96.5
2022-02-04 19:00:03,96.8
2022-02-04 19:30:03,96.9
2022-02-04 20:00:03,97.1
2022-02-04 20:30:03,97.0
2022-02-04 21:00:03,97.1
2022-02-04 21:30:03,97.2
2022-02-04 22:00:03,96.9
2022-02-04 22:30:03,97.0
2022-02-04 23:00:03,96.8
2022-02-04 23:30:03,96.9
2022-02-05 00:00:03,96.9
2022-02-05 00:30:03,96.8
2022-02-05 01:00:03,97.0
2022-02-05 01:30:03,96.5
2022-02-05 02:00:03,96.7
2022-02-05 02:30:03,96.5
2022-02-05 03:00:03,96.3
2022-02-05 03:30:03,96.3
2022-02-05 04:00:03,96.1
2022-02-05 04:30:03,96.1
2022-02-05 05:00:03,96.3
2022-02-05 05:30:03,96.0
2022-02-05 06:00:03,96.2
2022-02-05 06:30:03,96.1
2022-02-05 07:00:03,96.0
2022-02-05 07:30:03,95.9
2022-02-05 08:00:03,95.7
2022-02-05 08:30:03,95.8
2022-02-05 09:00:03,94.4
2022-02-05 09:30:03,96.0
2022-02-05 10:00:03,96.1
2022-02-05 10:30:03,95.7
2022-02-05 11:00:03,95.6
2022-02-05 11:30:03,96.4
2022-02-05 12:00:03,96.0
2022-02-05 12:30:03,96.5
2022-02-05 13:00:03,96.6
2022-02-05 13:30:03,96.0
2022-02-05 14:00:03,96.1
2022-02-05 14:30:03,95.9
2022-02-05 15:00:03,96.1
2022-02-05 15:30:03,96.3
2022-02-05 16:00:03,96.5
2022-02-05 16:30:03,96.5
2022-02-05 17:00:03,96.5
2022-02-05 17:30:03,96.3
2022-02-05 18:00:03,96.1
2022-02-05 18:30:03,96.4
2022-02-05 19:00:03,95.9
2022-02-05 19:30:03,96.2
2022-02-05 20:00:03,96.2
2022-02-05 20:30:03,96.3
2022-02-05 21:00:03,96.2
2022-02-05 21:30:03,96.3
2022-02-05 22:00:03,96.2
2022-02-05 22:30:03,96.1
2022-02-05 23:00:03,96.0
2022-02-05 23:30:03,95.9
2022-02-06 00:00:03,97.3
2022-02-06 00:30:03,96.0
2022-02-06 01:00:03,95.3
2022-02-06 01:30:03,95.9
2022-02-06 02:00:03,96.2
2022-02-06 02:30:03,96.2
2022-02-06 03:00:03,96.2
2022-02-06 03:30:03,96.0
2022-02-06 04:00:03,96.6
2022-02-06 04:30:03,96.3
2022-02-06 05:00:03,96.6
2022-02-06 05:30:03,96.1
2022-02-06 06:00:03,96.5
2022-02-06 06:30:03,96.3
2022-02-06 07:00:03,96.2
2022-02-06 07:30:03,96.2
2022-02-06 08:00:03,96.4
2022-02-06 08:30:03,96.4
2022-02-06 09:00:03,95.5
2022-02-06 09:30:03,95.8
2022-02-06 10:00:03,95.2
2022-02-06 10:30:03,95.4
2022-02-06 11:00:03,94.5
2022-02-06 11:30:03,96.7
2022-02-06 12:00:03,97.2
2022-02-06 12:30:03,96.8
2022-02-06 13:00:03,97.3
2022-02-06 13:30:03,97.2
2022-02-06 14:00:03,96.7
2022-02-06 14:30:03,96.4
2022-02-06 15:00:03,97.0
2022-02-06 15:30:03,96.9
2022-02-06 16:00:03,96.8
2022-02-06 16:30:03,97.2
2022-02-06 17:00:03,97.1
2022-02-06 17:30:03,96.8
2022-02-06 18:00:03,97.5
2022-02-06 18:30:03,96.4
2022-02-06 19:00:03,97.0
2022-02-06 19:30:03,96.9
2022-02-06 20:00:03,97.2
2022-02-06 20:30:03,97.8
2022-02-06 21:00:03,98.0
2022-02-06 21:30:03,97.8
2022-02-06 22:00:03,97.4
2022-02-06 22:30:03,99.5
2022-02-06 23:00:03,98.9
2022-02-06 23:30:03,98.3
2022-02-07 00:00:03,98.0
2022-02-07 00:30:03,97.7
2022-02-07 01:00:03,98.0
2022-02-07 01:30:03,98.1
2022-02-07 02:00:03,98.2
2022-02-07 02:30:03,98.6
2022-02-07 03:00:03,98.4
2022-02-07 03:30:03,98.5
2022-02-07 04:00:03,98.0
2022-02-07 04:30:03,98.0
2022-02-07 05:00:03,99.4
2022-02-07 05:30:03,98.9
2022-02-07 06:00:03,98.2
2022-02-07 06:30:03,98.4
2022-02-07 07:00:03,98.7
2022-02-07 07:30:03,98.8
2022-02-07 08:00:03,98.7
2022-02-07 08:30:03,98.6
2022-02-07 09:00:03,98.4
2022-02-07 09:30:03,98.4
2022-02-07 10:00:03,98.3
2022-02-07 10:30:03,98.5
2022-02-07 11:00:03,98.5
2022-02-07 11:30:03,99.6
2022-02-07 12:00:03,98.8
2022-02-07 12:30:03,100
2022-02-07 13:00:03,99.7
2022-02-07 13:30:03,98.3
2022-02-07 14:00:03,98.7
2022-02-07 14:30:03,99.0
2022-02-07 15:00:03,99.2
2022-02-07 15:30:03,98.9
2022-02-07 16:00:03,98.8
2022-02-07 16:30:03,99.5
2022-02-07 17:00:03,99.8
2022-02-07 17:30:03,99.9
2022-02-07 18:00:03,99.2
2022-02-07 18:30:03,99.3
2022-02-07 19:00:03,99.4
2022-02-07 19:30:03,99.5
2022-02-07 20:00:03,99.4
2022-02-07 20:30:03,99.4
2022-02-07 21:00:03,99.4
2022-02-07 21:30:03,99.4
2022-02-07 22:00:03,99.4
2022-02-07 22:30:03,99.4
2022-02-07 23:00:03,99.3
2022-02-07 23:30:03,99.3
2022-02-08 00:00:03,99.4
2022-02-08 00:30:03,99.2
2022-02-08 01:00:03,99.5
2022-02-08 01:30:03,99.4
2022-02-08 02:00:03,99.1
2022-02-08 02:30:03,99.3
2022-02-08 03:00:03,99.3
2022-02-08 03:30:03,99.1
2022-02-08 04:00:03,99.5
2022-02-08 04:30:03,99.3
2022-02-08 05:00:03,99.1
2022-02-08 05:30:03,99.1
2022-02-08 06:00:03,99.9
2022-02-08 06:30:03,99.6
2022-02-08 07:00:03,99.4
2022-02-08 07:30:03,99.4
2022-02-08 08:00:03,99.3
2022-02-08 08:30:03,99.4
2022-02-08 09:00:03,99.2
2022-02-08 09:30:03,100
2022-02-08 10:00:03,100
2022-02-08 10:30:03,98.6
2022-02-08 11:00:03,99.0
2022-02-08 11:30:03,956
2022-02-08 12:00:03,956
2022-02-08 12:30:03,957
2022-02-08 13:00:03,957
2022-02-08 13:30:03,955
2022-02-08 14:00:03,956
2022-02-08 14:30:03,957
2022-02-08 15:00:03,957
2022-02-08 15:30:03,956
2022-02-08 16:00:03,957
2022-02-08 16:30:03,956
2022-02-08 17:00:03,955
2022-02-08 17:30:03,956
2022-02-08 18:00:03,956
2022-02-08 18:30:03,956
2022-02-08 19:00:03,955
2022-02-08 19:30:03,956
2022-02-08 20:00:03,956
2022-02-08 20:30:03,956
2022-02-08 21:00:03,956
2022-02-08 21:30:03,954
2022-02-08 22:00:03,956
2022-02-08 22:30:03,956
2022-02-08 23:00:03,956
2022-02-08 23:30:03,956
2022-02-09 00:00:03,956
2022-02-09 00:30:03,956
2022-02-09 01:00:03,957
2022-02-09 01:30:03,956
2022-02-09 02:00:03,956
2022-02-09 02:30:03,955
2022-02-09 03:00:03,955
2022-02-09 03:30:03,956
2022-02-09 04:00:03,956
2022-02-09 04:30:03,956
2022-02-09 05:00:03,955
2022-02-09 05:30:03,956
2022-02-09 06:00:03,956
2022-02-09 06:30:03,956
2022-02-09 07:00:03,956
2022-02-09 07:30:03,956
2022-02-09 08:00:03,956
2022-02-09 08:30:03,956
2022-02-09 09:00:03,956
2022-02-09 09:30:03,955
2022-02-09 10:00:03,956
2022-02-09 10:30:03,956
2022-02-09 11:00:03,956
2022-02-09 11:30:03,956
2022-02-09 12:00:03,956
2022-02-09 12:30:03,956
2022-02-09 13:00:03,955
2022-02-09 13:30:03,956
2022-02-09 14:00:03,955
2022-02-09 14:30:03,956
2022-02-09 15:00:03,955
2022-02-09 15:30:03,956
2022-02-09 16:00:03,956
2022-02-09 16:30:03,956
2022-02-09 17:00:03,956
2022-02-09 17:30:03,955
2022-02-09 18:00:03,956
2022-02-09 18:30:03,955
2022-02-09 19:00:03,955
2022-02-09 19:30:03,955
2022-02-09 20:00:03,955
2022-02-09 20:30:03,955
2022-02-09 21:00:03,955
2022-02-09 21:30:03,955
2022-02-09 22:00:03,955
2022-02-09 22:30:03,955
2022-02-09 23:00:03,955
2022-02-09 23:30:03,955
2022-02-10 00:00:03,955
2022-02-10 00:30:03,955
2022-02-10 01:00:03,955
2022-02-10 01:30:03,955
2022-02-10 02:00:03,955
2022-02-10 02:30:03,955
2022-02-10 03:00:03,955
2022-02-10 03:30:03,955
2022-02-10 04:00:03,955
2022-02-10 04:30:03,955
2022-02-10 05:00:03,955
2022-02-10 05:30:03,955
2022-02-10 06:00:03,955
2022-02-10 06:30:03,955
2022-02-10 07:00:03,955
2022-02-10 07:30:03,955
2022-02-10 08:00:03,955
2022-02-10 08:30:03,955
2022-02-10 09:00:03,955
2022-02-10 09:30:03,955
2022-02-10 10:00:03,955
2022-02-10 10:30:03,955
2022-02-10 11:00:03,955
2022-02-10 11:30:03,955
2022-02-10 12:00:03,955
2022-02-10 12:30:03,955
2022-02-10 13:00:03,955
2022-02-10 13:30:03,956
2022-02-10 14:00:03,955
2022-02-10 14:30:03,955
2022-02-10 15:00:03,955
2022-02-10 15:30:03,956
2022-02-10 16:00:03,955
2022-02-10 16:30:03,955
2022-02-10 17:00:03,955
2022-02-10 17:30:03,955
2022-02-10 18:00:03,954
2022-02-10 18:30:03,955
2022-02-10 19:00:03,954
2022-02-10 19:30:03,955
2022-02-10 20:00:03,955
2022-02-10 20:30:03,955
2022-02-10 21:00:03,955
2022-02-10 21:30:03,955
2022-02-10 22:00:03,955
2022-02-10 22:30:03,955
2022-02-10 23:00:03,955
2022-02-10 23:30:03,955
2022-02-11 00:00:03,955
2022-02-11 00:30:03,955
2022-02-11 01:00:03,955
2022-02-11 01:30:03,955
2022-02-11 02:00:03,955
2022-02-11 02:30:03,955
2022-02-11 03:00:03,955
2022-02-11 03:30:03,955
2022-02-11 04:00:03,955
2022-02-11 04:30:03,955
2022-02-11 05:00:03,955
2022-02-11 05:30:03,955
2022-02-11 06:00:03,954
2022-02-11 06:30:03,955
2022-02-11 07:00:03,955
2022-02-11 07:30:03,955
2022-02-11 08:00:03,954
2022-02-11 08:30:03,954
2022-02-11 09:00:03,955
2022-02-11 09:30:03,955
2022-02-11 10:00:03,955
2022-02-11 10:30:03,954
2022-02-11 11:00:03,954
2022-02-11 11:30:03,954
2022-02-11 12:00:03,954
2022-02-11 12:30:03,954
2022-02-11 13:00:03,954
2022-02-11 13:30:03,954
2022-02-11 14:00:03,954
2022-02-11 14:30:03,954
2022-02-11 15:00:03,955
2022-02-11 15:30:03,954
2022-02-11 16:00:03,954
2022-02-11 16:30:03,954
2022-02-11 17:00:03,954
2022-02-11 17:30:03,954
2022-02-11 18:00:03,954
2022-02-11 18:30:03,954
2022-02-11 19:00:03,954
2022-02-11 19:30:03,954
2022-02-11 20:00:03,954
2022-02-11 20:30:03,954
2022-02-11 21:00:03,954
2022-02-11 21:30:03,953
2022-02-11 22:00:03,954
2022-02-11 22:30:03,954
2022-02-11 23:00:03,954
2022-02-11 23:30:03,954
2022-02-12 00:00:03,954
2022-02-12 00:30:03,954
2022-02-12 01:00:03,953
2022-02-12 01:30:03,954
2022-02-12 02:00:03,953
2022-02-12 02:30:03,954
2022-02-12 03:00:03,953
2022-02-12 03:30:03,954
2022-02-12 04:00:03,953
2022-02-12 04:30:03,953
2022-02-12 05:00:03,953
2022-02-12 05:30:03,953
2022-02-12 06:00:03,953
2022-02-12 06:30:03,953
2022-02-12 07:00:03,953
2022-02-12 07:30:03,953
2022-02-12 08:00:03,953
2022-02-12 08:30:03,953
2022-02-12 09:00:03,953
2022-02-12 09:30:03,953
2022-02-12 10:00:03,953
2022-02-12 10:30:03,953
2022-02-12 11:00:03,953
2022-02-12 11:30:03,953
2022-02-12 12:00:03,953
2022-02-12 12:30:03,953
2022-02-12 13:00:03,953
2022-02-12 13:30:03,953
2022-02-12 14:00:03,953
2022-02-12 14:30:03,953
2022-02-12 15:00:03,953
2022-02-12 15:30:03,953
2022-02-12 16:00:03,953
2022-02-12 16:30:03,953
2022-02-12 17:00:03,953
2022-02-12 17:30:03,953
2022-02-12 18:00:03,953
2022-02-12 18:30:03,953
2022-02-12 19:00:03,953
2022-02-12 19:30:03,953
2022-02-12 20:00:03,953
2022-02-12 20:30:03,953
2022-02-12 21:00:03,953
2022-02-12 21:30:03,953
2022-02-12 22:00:03,953
2022-02-12 22:30:03,953
2022-02-12 23:00:03,953
2022-02-12 23:30:03,953
2022-02-13 00:00:03,953
2022-02-13 00:30:03,953
2022-02-13 01:00:03,953
2022-02-13 01:30:03,953
2022-02-13 02:00:03,953
2022-02-13 02:30:03,953
2022-02-13 03:00:03,953
2022-02-13 03:30:03,953
2022-02-13 04:00:03,953
2022-02-13 04:30:03,953
2022-02-13 05:00:03,953
2022-02-13 05:30:03,953
2022-02-13 06:00:03,953
2022-02-13 06:30:03,953
2022-02-13 07:00:03,953
2022-02-13 07:30:03,953
2022-02-13 08:00:03,953
2022-02-13 08:30:03,953
2022-02-13 09:00:03,953
2022-02-13 09:30:03,953
2022-02-13 10:00:03,953
2022-02-13 10:30:03,952
2022-02-13 11:00:03,952
2022-02-13 11:30:03,952
2022-02-13 12:00:03,952
2022-02-13 12:30:03,953
2022-02-13 13:00:03,953
2022-02-13 13:30:03,952
2022-02-13 14:00:03,953
2022-02-13 14:30:03,953
2022-02-13 15:00:03,953
2022-02-13 15:30:03,953
2022-02-13 16:00:03,953
2022-02-13 16:30:03,953
2022-02-13 17:00:03,953
2022-02-13 17:30:03,952
2022-02-13 18:00:03,952
2022-02-13 18:30:03,952
2022-02-13 19:00:03,952
2022-02-13 19:30:03,952
2022-02-13 20:00:03,952
2022-02-13 20:30:03,952
2022-02-13 21:00:03,952
2022-02-13 21:30:03,952
2022-02-13 22:00:03,952
2022-02-13 22:30:03,952
2022-02-13 23:00:03,952
2022-02-13 23:30:03,952
2022-02-14 00:00:03,952
2022-02-14 00:30:03,952
2022-02-14 01:00:03,952
2022-02-14 01:30:03,952
2022-02-14 02:00:03,952
2022-02-14 02:30:03,952
2022-02-14 03:00:03,952
2022-02-14 03:30:03,952
2022-02-14 04:00:03,952
2022-02-14 04:30:03,952
2022-02-14 05:00:03,952
2022-02-14 05:30:03,952
2022-02-14 06:00:03,952
2022-02-14 06:30:03,952
2022-02-14 07:00:03,952
2022-02-14 07:30:03,952
2022-02-14 08:00:03,952
2022-02-14 08:30:03,952
2022-02-14 09:00:03,952
2022-02-14 09:30:03,952
2022-02-14 10:00:03,952
2022-02-14 10:30:03,952
2022-02-14 11:00:03,952
2022-02-14 11:30:03,952
2022-02-14 12:00:03,952
2022-02-14 12:30:03,952
2022-02-14 13:00:03,952
2022-02-14 13:30:03,952
2022-02-14 14:00:03,952
2022-02-14 14:30:03,952
2022-02-14 15:00:03,952
2022-02-14 15:30:03,952
2022-02-14 16:00:03,952
2022-02-14 16:30:03,952
2022-02-14 17:00:03,952
2022-02-14 17:30:03,952
2022-02-14 18:00:03,952
2022-02-14 18:30:03,952
2022-02-14 19:00:03,952
2022-02-14 19:30:03,952
2022-02-14 20:00:03,952
2022-02-14 20:30:03,952
2022-02-14 21:00:03,952
2022-02-14 21:30:03,952
2022-02-14 22:00:03,952
2022-02-14 22:30:03,952
2022-02-14 23:00:03,952
2022-02-14 23:30:03,952
2022-02-15 00:00:03,952
2022-02-15 00:30:03,952
2022-02-15 01:00:03,952
2022-02-15 01:30:03,952
2022-02-15 02:00:03,951
2022-02-15 02:30:03,951
2022-02-15 03:00:03,951
2022-02-15 03:30:03,951
2022-02-15 04:00:03,951
2022-02-15 04:30:03,951
2022-02-15 05:00:03,951
2022-02-15 05:30:03,951
2022-02-15 06:00:03,951
2022-02-15 06:30:03,952
2022-02-15 07:00:03,951
2022-02-15 07:30:03,952
2022-02-15 08:00:03,952
2022-02-15 08:30:03,952
2022-02-15 09:00:03,952
2022-02-15 09:30:03,952
2022-02-15 10:00:03,952
2022-02-15 10:30:03,951
2022-02-15 11:00:03,952
2022-02-15 11:30:03,952
2022-02-15 12:00:03,951
2022-02-15 12:30:03,952
2022-02-15 13:00:03,951
2022-02-15 13:30:03,953
2022-02-15 14:00:03,951
2022-02-15 14:30:03,952
2022-02-15 15:00:03,951
2022-02-15 15:30:03,951
2022-02-15 16:00:03,951
2022-02-15 16:30:03,952
2022-02-15 17:00:03,951
2022-02-15 17:30:03,951
2022-02-15 18:00:03,951
2022-02-15 18:30:03,951
2022-02-15 19:00:03,951
2022-02-15 19:30:03,951
2022-02-15 20:00:03,951
2022-02-15 20:30:03,951
2022-02-15 21:00:03,951
2022-02-15 21:30:03,951
2022-02-15 22:00:03,951
2022-02-15 22:30:03,951
2022-02-15 23:00:03,951
2022-02-15 23:30:03,951
2022-02-16 00:00:03,951
2022-02-16 00:30:03,951
2022-02-16 01:00:03,951
2022-02-16 01:30:03,951
2022-02-16 02:00:03,951
2022-02-16 02:30:03,951
2022-02-16 03:00:03,951
2022-02-16 03:30:03,951
2022-02-16 04:00:03,951
2022-02-16 04:30:03,951
2022-02-16 05:00:03,951
2022-02-16 05:30:03,951
2022-02-16 06:00:03,951
2022-02-16 06:30:03,951
2022-02-16 07:00:03,951
2022-02-16 07:30:03,951
2022-02-16 08:00:03,951
2022-02-16 08:30:03,951
2022-02-16 09:00:03,951
2022-02-16 09:30:03,951
2022-02-16 10:00:03,951
2022-02-16 10:30:03,951
2022-02-16 11:00:03,951
2022-02-16 11:30:03,951
2022-02-16 12:00:03,951
2022-02-16 12:30:03,951
2022-02-16 13:00:03,948
2022-02-16 13:30:03,951
2022-02-16 14:00:03,951
2022-02-16 14:30:03,950
2022-02-16 15:00:03,951
2022-02-16 15:30:03,951
2022-02-16 16:00:03,951
2022-02-16 16:30:03,951
2022-02-16 17:00:03,951
2022-02-16 17:30:03,951
2022-02-16 18:00:03,951
2022-02-16 18:30:03,951
2022-02-16 19:00:03,951
2022-02-16 19:30:03,951
2022-02-16 20:00:03,952
2022-02-16 20:30:03,950
2022-02-16 21:00:03,950
2022-02-16 21:30:03,951
2022-02-16 22:00:03,952
2022-02-16 22:30:03,950
2022-02-16 23:00:03,950
2022-02-16 23:30:03,951
2022-02-17 00:00:03,951
2022-02-17 00:30:03,951
2022-02-17 01:00:03,952
2022-02-17 01:30:03,952
2022-02-17 02:00:03,952
2022-02-17 02:30:03,950
2022-02-17 03:00:03,951
2022-02-17 03:30:03,951
2022-02-17 04:00:03,950
2022-02-17 04:30:03,952
2022-02-17 05:00:03,953
2022-02-17 05:30:03,949
2022-02-17 06:00:03,951
2022-02-17 06:30:03,952
2022-02-17 07:00:03,954
2022-02-17 08:00:03,952
2022-02-17 08:30:03,953
2022-02-17 09:00:03,952
2022-02-17 09:30:03,953
2022-02-19 12:30:03,951
2022-02-19 13:00:03,951
2022-02-19 17:00:03,951
2022-02-19 17:30:03,951
2022-02-19 18:00:03,951
2022-02-19 18:30:03,950
2022-02-19 19:00:03,952
2022-02-19 19:30:03,950
2022-02-19 20:00:03,950
2022-02-19 20:30:03,950
2022-02-19 21:00:03,950
2022-02-19 21:30:03,950
2022-02-19 22:00:03,950
2022-02-19 22:30:03,950
2022-02-19 23:00:03,950
2022-02-19 23:30:03,950
2022-02-20 00:00:03,950
2022-02-20 00:30:03,950
2022-02-20 01:00:03,950
2022-02-20 01:30:03,950
2022-02-21 10:30:03,936
2022-02-21 11:30:03,938
2022-02-21 12:00:03,938
2022-02-21 12:30:03,937
2022-02-21 13:00:03,938
2022-02-21 13:30:03,938
2022-02-21 14:00:03,938
2022-02-21 14:30:03,937
2022-02-21 15:00:03,938
2022-02-21 15:30:03,938
2022-02-21 16:00:03,939
2022-02-21 16:30:03,938
2022-02-21 17:00:03,937
2022-02-21 17:30:03,937
2022-02-21 18:00:03,937
2022-02-21 18:30:03,937
2022-02-21 19:00:03,937
2022-02-21 19:30:03,938
2022-02-21 20:00:03,938
2022-02-21 20:30:03,937
2022-02-21 21:00:03,937
2022-02-21 21:30:03,938
2022-02-21 22:00:03,937
2022-02-21 22:30:03,938
2022-02-21 23:00:03,938
2022-02-21 23:30:03,938
2022-02-22 00:00:03,937
2022-02-22 00:30:03,938
2022-02-22 01:00:03,937
2022-02-22 01:30:03,938
2022-02-22 02:00:03,937
2022-02-22 02:30:03,938
2022-02-22 03:00:03,937
2022-02-22 03:30:03,938
2022-02-22 04:00:03,937

